scientificName,State,TerrestrialEcoregions,,,,,,,,,,,,,,,,,,,,
Acacia catechu,Andhra Pradesh,Central Deccan Plateau Dry Deciduous Forests,,,,,,,,,,,,,,,,,,,,
Albizia lebbek,Andhra Pradesh,Central Deccan Plateau Dry Deciduous Forests,,,,,,,,,,,,,,,,,,,,
Anogeissus latifolia,Andhra Pradesh,Central Deccan Plateau Dry Deciduous Forests,,,,,,,,,,,,,,,,,,,,
Anogeissus latifolia,Andhra Pradesh,Central Deccan Plateau Dry Deciduous Forests,,,,,,,,,,,,,,,,,,,,
Anogeissus latifolia,Andhra Pradesh,Central Deccan Plateau Dry Deciduous Forests,,,,,,,,,,,,,,,,,,,,
Boswellia serrata,Andhra Pradesh,Central Deccan Plateau Dry Deciduous Forests,,,,,,,,,,,,,,,,,,,,
Chyloroxylon swietenia,Andhra Pradesh,Central Deccan Plateau Dry Deciduous Forests,,,,,,,,,,,,,,,,,,,,
Dalbergia latifolia,Andhra Pradesh,Central Deccan Plateau Dry Deciduous Forests,,,,,,,,,,,,,,,,,,,,
Diospyros tomentosa,Andhra Pradesh,Central Deccan Plateau Dry Deciduous Forests,,,,,,,,,,,,,,,,,,,,
Lagerstroemia parvifolia,Andhra Pradesh,Central Deccan Plateau Dry Deciduous Forests,,,,,,,,,,,,,,,,,,,,
Lannea coromandelica,Andhra Pradesh,Central Deccan Plateau Dry Deciduous Forests,,,,,,,,,,,,,,,,,,,,
Pterocarpus marsupium,Andhra Pradesh,Central Deccan Plateau Dry Deciduous Forests,,,,,,,,,,,,,,,,,,,,
Pterocarpus santalinus,Andhra Pradesh,Central Deccan Plateau Dry Deciduous Forests,,,,,,,,,,,,,,,,,,,,
Tectona grandis,Andhra Pradesh,Central Deccan Plateau Dry Deciduous Forests,,,,,,,,,,,,,,,,,,,,
Tectona grandis,Andhra Pradesh,Central Deccan Plateau Dry Deciduous Forests,,,,,,,,,,,,,,,,,,,,
Terminalia chebula,Andhra Pradesh,Central Deccan Plateau Dry Deciduous Forests,,,,,,,,,,,,,,,,,,,,
Terminalia tomentosa,Andhra Pradesh,Central Deccan Plateau Dry Deciduous Forests,,,,,,,,,,,,,,,,,,,,
Aristida setacea,Andhra Pradesh,Deccan Thorn Scrub Forests,,,,,,,,,,,,,,,,,,,,
Azadirachta indica,Andhra Pradesh,Deccan Thorn Scrub Forests,,,,,,,,,,,,,,,,,,,,
Balanites roxburghii,Andhra Pradesh,Deccan Thorn Scrub Forests,,,,,,,,,,,,,,,,,,,,
Capparis spp.,Andhra Pradesh,Deccan Thorn Scrub Forests,,,,,,,,,,,,,,,,,,,,
Carrisa carandas,Andhra Pradesh,Deccan Thorn Scrub Forests,,,,,,,,,,,,,,,,,,,,
Cassia fistula,Andhra Pradesh,Deccan Thorn Scrub Forests,,,,,,,,,,,,,,,,,,,,
Chrysopogon fulvus,Andhra Pradesh,Deccan Thorn Scrub Forests,,,,,,,,,,,,,,,,,,,,
Cordia myxa,Andhra Pradesh,Deccan Thorn Scrub Forests,,,,,,,,,,,,,,,,,,,,
Cycas beddomei,Andhra Pradesh,Deccan Thorn Scrub Forests,,,,,,,,,,,,,,,,,,,,
Dactyloctenium spp.,Andhra Pradesh,Deccan Thorn Scrub Forests,,,,,,,,,,,,,,,,,,,,
Diospyros chloroxylon,Andhra Pradesh,Deccan Thorn Scrub Forests,,,,,,,,,,,,,,,,,,,,
Eremopogon foveolatus,Andhra Pradesh,Deccan Thorn Scrub Forests,,,,,,,,,,,,,,,,,,,,
Heteropogon contortus,Andhra Pradesh,Deccan Thorn Scrub Forests,,,,,,,,,,,,,,,,,,,,
Phoenix sylvestris,Andhra Pradesh,Deccan Thorn Scrub Forests,,,,,,,,,,,,,,,,,,,,
Prosopis spp.,Andhra Pradesh,Deccan Thorn Scrub Forests,,,,,,,,,,,,,,,,,,,,
Psilotum nudum,Andhra Pradesh,Deccan Thorn Scrub Forests,,,,,,,,,,,,,,,,,,,,
Pterocarpus santalinus,Andhra Pradesh,Deccan Thorn Scrub Forests,,,,,,,,,,,,,,,,,,,,
Carissa spinarum,Andhra Pradesh,East Deccan Dry Evergreen Forests,,,,,,,,,,,,,,,,,,,,
Dicrostachys cinerea,Andhra Pradesh,East Deccan Dry Evergreen Forests,,,,,,,,,,,,,,,,,,,,
Diospyros ebernum,Andhra Pradesh,East Deccan Dry Evergreen Forests,,,,,,,,,,,,,,,,,,,,
Drypetes sepiaria,Andhra Pradesh,East Deccan Dry Evergreen Forests,,,,,,,,,,,,,,,,,,,,
Eugenia spp.,Andhra Pradesh,East Deccan Dry Evergreen Forests,,,,,,,,,,,,,,,,,,,,
Flacourtia indica,Andhra Pradesh,East Deccan Dry Evergreen Forests,,,,,,,,,,,,,,,,,,,,
Manilkara hexandra,Andhra Pradesh,East Deccan Dry Evergreen Forests,,,,,,,,,,,,,,,,,,,,
Mimusops elengi,Andhra Pradesh,East Deccan Dry Evergreen Forests,,,,,,,,,,,,,,,,,,,,
Randia dumetorum,Andhra Pradesh,East Deccan Dry Evergreen Forests,,,,,,,,,,,,,,,,,,,,
Strychnos nux-vomica,Andhra Pradesh,East Deccan Dry Evergreen Forests,,,,,,,,,,,,,,,,,,,,
Zyzyphus glabarrima,Andhra Pradesh,East Deccan Dry Evergreen Forests,,,,,,,,,,,,,,,,,,,,
Adina,Andhra Pradesh,East Deccan Moist Deciduous Forests,,,,,,,,,,,,,,,,,,,,
Anogeissus sp.,Andhra Pradesh,East Deccan Moist Deciduous Forests,,,,,,,,,,,,,,,,,,,,
Arisaema tortuosum,Andhra Pradesh,East Deccan Moist Deciduous Forests,,,,,,,,,,,,,,,,,,,,
Arisaema tortuosum,Andhra Pradesh,East Deccan Moist Deciduous Forests,,,,,,,,,,,,,,,,,,,,
Artocarpus integrifolia,Andhra Pradesh,East Deccan Moist Deciduous Forests,,,,,,,,,,,,,,,,,,,,
Boehmeria macrophylla,Andhra Pradesh,East Deccan Moist Deciduous Forests,,,,,,,,,,,,,,,,,,,,
Buchanania,Andhra Pradesh,East Deccan Moist Deciduous Forests,,,,,,,,,,,,,,,,,,,,
Calamus rotang,Andhra Pradesh,East Deccan Moist Deciduous Forests,,,,,,,,,,,,,,,,,,,,
Cleistanthus,Andhra Pradesh,East Deccan Moist Deciduous Forests,,,,,,,,,,,,,,,,,,,,
Didymocarpus pygmaea,Andhra Pradesh,East Deccan Moist Deciduous Forests,,,,,,,,,,,,,,,,,,,,
Elatostemma cuneatum,Andhra Pradesh,East Deccan Moist Deciduous Forests,,,,,,,,,,,,,,,,,,,,
Gnetum ula,Andhra Pradesh,East Deccan Moist Deciduous Forests,,,,,,,,,,,,,,,,,,,,
Leucas mukerjiana,Andhra Pradesh,East Deccan Moist Deciduous Forests,,,,,,,,,,,,,,,,,,,,
Phlebophyllum jeyporensis,Andhra Pradesh,East Deccan Moist Deciduous Forests,,,,,,,,,,,,,,,,,,,,
Rubus ellipticus,Andhra Pradesh,East Deccan Moist Deciduous Forests,,,,,,,,,,,,,,,,,,,,
Rubus ellpiticus,Andhra Pradesh,East Deccan Moist Deciduous Forests,,,,,,,,,,,,,,,,,,,,
Schefflera venulosa,Andhra Pradesh,East Deccan Moist Deciduous Forests,,,,,,,,,,,,,,,,,,,,
Shorea robusta,Andhra Pradesh,East Deccan Moist Deciduous Forests,,,,,,,,,,,,,,,,,,,,
Shorea robusta,Andhra Pradesh,East Deccan Moist Deciduous Forests,,,,,,,,,,,,,,,,,,,,
Shorea robusta,Andhra Pradesh,East Deccan Moist Deciduous Forests,,,,,,,,,,,,,,,,,,,,
Syzygium,Andhra Pradesh,East Deccan Moist Deciduous Forests,,,,,,,,,,,,,,,,,,,,
Terminalia,Andhra Pradesh,East Deccan Moist Deciduous Forests,,,,,,,,,,,,,,,,,,,,
Thalictrum foliolosum,Andhra Pradesh,East Deccan Moist Deciduous Forests,,,,,,,,,,,,,,,,,,,,
Toona,Andhra Pradesh,East Deccan Moist Deciduous Forests,,,,,,,,,,,,,,,,,,,,
Zanthoxylum rhetsa,Andhra Pradesh,East Deccan Moist Deciduous Forests,,,,,,,,,,,,,,,,,,,,
Avicennia marina,Andhra Pradesh,Godavari krishna Mangroves,,,,,,,,,,,,,,,,,,,,
Bruguiera spp.,Andhra Pradesh,Godavari krishna Mangroves,,,,,,,,,,,,,,,,,,,,
Rhizophora spp.,Andhra Pradesh,Godavari krishna Mangroves,,,,,,,,,,,,,,,,,,,,
Suaeda spp.,Andhra Pradesh,Godavari krishna Mangroves,,,,,,,,,,,,,,,,,,,,
Acacia catechu,Andhra Pradesh,NA,,,,,,,,,,,,,,,,,,,,
Acacia leucophloea,Andhra Pradesh,NA,,,,,,,,,,,,,,,,,,,,
Acacia senegal,Andhra Pradesh,NA,,,,,,,,,,,,,,,,,,,,
Acacia senegal,Andhra Pradesh,NA,,,,,,,,,,,,,,,,,,,,
Acacia senegal,Andhra Pradesh,NA,,,,,,,,,,,,,,,,,,,,
Albizia amara,Andhra Pradesh,NA,,,,,,,,,,,,,,,,,,,,
Anogeissus latifolia,Andhra Pradesh,NA,,,,,,,,,,,,,,,,,,,,
Anogeissus pendula,Andhra Pradesh,NA,,,,,,,,,,,,,,,,,,,,
Atalantia monophylla,Andhra Pradesh,NA,,,,,,,,,,,,,,,,,,,,
Avicennia marina,Andhra Pradesh,NA,,,,,,,,,,,,,,,,,,,,
Buchanania lanzan,Andhra Pradesh,NA,,,,,,,,,,,,,,,,,,,,
Butea monosperma,Andhra Pradesh,NA,,,,,,,,,,,,,,,,,,,,
Butea monosperma,Andhra Pradesh,NA,,,,,,,,,,,,,,,,,,,,
Canthium parviflorum,Andhra Pradesh,NA,,,,,,,,,,,,,,,,,,,,
Capparis decidua,Andhra Pradesh,NA,,,,,,,,,,,,,,,,,,,,
Catunaregam spinosa,Andhra Pradesh,NA,,,,,,,,,,,,,,,,,,,,
Chloroxylon swietenia,Andhra Pradesh,NA,,,,,,,,,,,,,,,,,,,,
Chrysopogon aciculatus,Andhra Pradesh,NA,,,,,,,,,,,,,,,,,,,,
Dalbergia latifolia,Andhra Pradesh,NA,,,,,,,,,,,,,,,,,,,,
Dendrocalamus strictus,Andhra Pradesh,NA,,,,,,,,,,,,,,,,,,,,
Dendrocalamus strictus,Andhra Pradesh,NA,,,,,,,,,,,,,,,,,,,,
Diospyros ebenum,Andhra Pradesh,NA,,,,,,,,,,,,,,,,,,,,
Diospyros melanoxylon,Andhra Pradesh,NA,,,,,,,,,,,,,,,,,,,,
Diospyros melanoxylon,Andhra Pradesh,NA,,,,,,,,,,,,,,,,,,,,
Diospyros melanoxylon,Andhra Pradesh,NA,,,,,,,,,,,,,,,,,,,,
Diospyros melanoxylon,Andhra Pradesh,NA,,,,,,,,,,,,,,,,,,,,
Diospyros melanoxylon,Andhra Pradesh,NA,,,,,,,,,,,,,,,,,,,,
Diospyros melanoxylon,Andhra Pradesh,NA,,,,,,,,,,,,,,,,,,,,
Diospyros melanoxylon,Andhra Pradesh,NA,,,,,,,,,,,,,,,,,,,,
Diospyros melanoxylon,Andhra Pradesh,NA,,,,,,,,,,,,,,,,,,,,
Eragrostis tenella,Andhra Pradesh,NA,,,,,,,,,,,,,,,,,,,,
Euphornia caducifolia,Andhra Pradesh,NA,,,,,,,,,,,,,,,,,,,,
Excoecaria agallocha,Andhra Pradesh,NA,,,,,,,,,,,,,,,,,,,,
Gyrocarpus americanus,Andhra Pradesh,NA,,,,,,,,,,,,,,,,,,,,
Heteropogon contortus,Andhra Pradesh,NA,,,,,,,,,,,,,,,,,,,,
Holoptelea integrifolia,Andhra Pradesh,NA,,,,,,,,,,,,,,,,,,,,
Lagerstroemia parviflora,Andhra Pradesh,NA,,,,,,,,,,,,,,,,,,,,
Lagerstroemia parviflora,Andhra Pradesh,NA,,,,,,,,,,,,,,,,,,,,
Lagerstroemia parviflora,Andhra Pradesh,NA,,,,,,,,,,,,,,,,,,,,
Madhuca longifolia var. Latifolia,Andhra Pradesh,NA,,,,,,,,,,,,,,,,,,,,
Melia azedarach,Andhra Pradesh,NA,,,,,,,,,,,,,,,,,,,,
Melia dubia,Andhra Pradesh,NA,,,,,,,,,,,,,,,,,,,,
Memecylon edule,Andhra Pradesh,NA,,,,,,,,,,,,,,,,,,,,
Mimosa hamata,Andhra Pradesh,NA,,,,,,,,,,,,,,,,,,,,
Prosopis juliflora,Andhra Pradesh,NA,,,,,,,,,,,,,,,,,,,,
Pterocarpus santalinus,Andhra Pradesh,NA,,,,,,,,,,,,,,,,,,,,
Rhizophora apiculata,Andhra Pradesh,NA,,,,,,,,,,,,,,,,,,,,
Streblus asper,Andhra Pradesh,NA,,,,,,,,,,,,,,,,,,,,
Syzygium cumini,Andhra Pradesh,NA,,,,,,,,,,,,,,,,,,,,
Terminalia alata,Andhra Pradesh,NA,,,,,,,,,,,,,,,,,,,,
Terminalia alata,Andhra Pradesh,NA,,,,,,,,,,,,,,,,,,,,
Terminalia alata,Andhra Pradesh,NA,,,,,,,,,,,,,,,,,,,,
Terminalia alata,Andhra Pradesh,NA,,,,,,,,,,,,,,,,,,,,
Terminalia alata,Andhra Pradesh,NA,,,,,,,,,,,,,,,,,,,,
Terminalia alata,Andhra Pradesh,NA,,,,,,,,,,,,,,,,,,,,
Terminalia arjuna,Andhra Pradesh,NA,,,,,,,,,,,,,,,,,,,,
Terminalia bellirica,Andhra Pradesh,NA,,,,,,,,,,,,,,,,,,,,
Terminalia bellirica,Andhra Pradesh,NA,,,,,,,,,,,,,,,,,,,,
Trema orientalis,Andhra Pradesh,NA,,,,,,,,,,,,,,,,,,,,
Anogeissus latifolia,Andhra Pradesh,Odisha Semi-evergreen Forests,,,,,,,,,,,,,,,,,,,,
Anogeissus latifolia,Andhra Pradesh,Odisha Semi-evergreen Forests,,,,,,,,,,,,,,,,,,,,
Anogeissus latifolia,Andhra Pradesh,Odisha Semi-evergreen Forests,,,,,,,,,,,,,,,,,,,,
Aphanamixis polystachya,Andhra Pradesh,Odisha Semi-evergreen Forests,,,,,,,,,,,,,,,,,,,,
Artocarpus lakoocha,Andhra Pradesh,Odisha Semi-evergreen Forests,,,,,,,,,,,,,,,,,,,,
Bridelia tomentosa,Andhra Pradesh,Odisha Semi-evergreen Forests,,,,,,,,,,,,,,,,,,,,
Bridelia verrucosa,Andhra Pradesh,Odisha Semi-evergreen Forests,,,,,,,,,,,,,,,,,,,,
Celtis tetrandra,Andhra Pradesh,Odisha Semi-evergreen Forests,,,,,,,,,,,,,,,,,,,,
Dillenia pentagyna,Andhra Pradesh,Odisha Semi-evergreen Forests,,,,,,,,,,,,,,,,,,,,
Ficus spp.,Andhra Pradesh,Odisha Semi-evergreen Forests,,,,,,,,,,,,,,,,,,,,
Firmiana colorata,Andhra Pradesh,Odisha Semi-evergreen Forests,,,,,,,,,,,,,,,,,,,,
Glochidion spp.,Andhra Pradesh,Odisha Semi-evergreen Forests,,,,,,,,,,,,,,,,,,,,
Grewia tiliaefolia,Andhra Pradesh,Odisha Semi-evergreen Forests,,,,,,,,,,,,,,,,,,,,
Litsea nitida,Andhra Pradesh,Odisha Semi-evergreen Forests,,,,,,,,,,,,,,,,,,,,
Macaranga peltata,Andhra Pradesh,Odisha Semi-evergreen Forests,,,,,,,,,,,,,,,,,,,,
Mangifera indica,Andhra Pradesh,Odisha Semi-evergreen Forests,,,,,,,,,,,,,,,,,,,,
Mesua ferrea,Andhra Pradesh,Odisha Semi-evergreen Forests,,,,,,,,,,,,,,,,,,,,
Michelia champaca,Andhra Pradesh,Odisha Semi-evergreen Forests,,,,,,,,,,,,,,,,,,,,
Phoebe lanceolata,Andhra Pradesh,Odisha Semi-evergreen Forests,,,,,,,,,,,,,,,,,,,,
Polyalthia spp.,Andhra Pradesh,Odisha Semi-evergreen Forests,,,,,,,,,,,,,,,,,,,,
Pterocarpus marsupium,Andhra Pradesh,Odisha Semi-evergreen Forests,,,,,,,,,,,,,,,,,,,,
Saraca indica,Andhra Pradesh,Odisha Semi-evergreen Forests,,,,,,,,,,,,,,,,,,,,
Terminalia bellirica,Andhra Pradesh,Odisha Semi-evergreen Forests,,,,,,,,,,,,,,,,,,,,
Terminalia tomentosa,Andhra Pradesh,Odisha Semi-evergreen Forests,,,,,,,,,,,,,,,,,,,,
Xylia xylocarpa,Andhra Pradesh,Odisha Semi-evergreen Forests,,,,,,,,,,,,,,,,,,,,
Aphanamixis spp.,Assam,Brahmaputra Valley Semi-evergreen Forests,,,,,,,,,,,,,,,,,,,,
Artocarpus,Assam,Brahmaputra Valley Semi-evergreen Forests,,,,,,,,,,,,,,,,,,,,
Atinodaphne spp.,Assam,Brahmaputra Valley Semi-evergreen Forests,,,,,,,,,,,,,,,,,,,,
Bambusa arundinaria,Assam,Brahmaputra Valley Semi-evergreen Forests,,,,,,,,,,,,,,,,,,,,
Cinnamomum,Assam,Brahmaputra Valley Semi-evergreen Forests,,,,,,,,,,,,,,,,,,,,
Dendrocalamus hamilitonii,Assam,Brahmaputra Valley Semi-evergreen Forests,,,,,,,,,,,,,,,,,,,,
Machilus spp.,Assam,Brahmaputra Valley Semi-evergreen Forests,,,,,,,,,,,,,,,,,,,,
Magnoliacea,Assam,Brahmaputra Valley Semi-evergreen Forests,,,,,,,,,,,,,,,,,,,,
Melocanna bambusoides,Assam,Brahmaputra Valley Semi-evergreen Forests,,,,,,,,,,,,,,,,,,,,
Mesua ferrea,Assam,Brahmaputra Valley Semi-evergreen Forests,,,,,,,,,,,,,,,,,,,,
Phoebe spp.,Assam,Brahmaputra Valley Semi-evergreen Forests,,,,,,,,,,,,,,,,,,,,
Polyalthia spp.,Assam,Brahmaputra Valley Semi-evergreen Forests,,,,,,,,,,,,,,,,,,,,
Shorea robusta,Assam,Brahmaputra Valley Semi-evergreen Forests,,,,,,,,,,,,,,,,,,,,
Stereospermum spp,Assam,Brahmaputra Valley Semi-evergreen Forests,,,,,,,,,,,,,,,,,,,,
Stereospermum spp.,Assam,Brahmaputra Valley Semi-evergreen Forests,,,,,,,,,,,,,,,,,,,,
Syzygium,Assam,Brahmaputra Valley Semi-evergreen Forests,,,,,,,,,,,,,,,,,,,,
Terminalia citrina,Assam,Brahmaputra Valley Semi-evergreen Forests,,,,,,,,,,,,,,,,,,,,
Terminalia myriocarpa,Assam,Brahmaputra Valley Semi-evergreen Forests,,,,,,,,,,,,,,,,,,,,
Terminalia tomentosa,Assam,Brahmaputra Valley Semi-evergreen Forests,,,,,,,,,,,,,,,,,,,,
Tetrameles spp.,Assam,Brahmaputra Valley Semi-evergreen Forests,,,,,,,,,,,,,,,,,,,,
Acer campbellii,Assam,Eastern Himalayan Broadleaf Forests,,,,,,,,,,,,,,,,,,,,
Alnus nepalensis,Assam,Eastern Himalayan Broadleaf Forests,,,,,,,,,,,,,,,,,,,,
Betula alnoides,Assam,Eastern Himalayan Broadleaf Forests,,,,,,,,,,,,,,,,,,,,
Betula utilis,Assam,Eastern Himalayan Broadleaf Forests,,,,,,,,,,,,,,,,,,,,
Cinnamomum spp.,Assam,Eastern Himalayan Broadleaf Forests,,,,,,,,,,,,,,,,,,,,
Echinocarpus dasycarpus.,Assam,Eastern Himalayan Broadleaf Forests,,,,,,,,,,,,,,,,,,,,
Exbucklandia populnea,Assam,Eastern Himalayan Broadleaf Forests,,,,,,,,,,,,,,,,,,,,
Juglans regia,Assam,Eastern Himalayan Broadleaf Forests,,,,,,,,,,,,,,,,,,,,
Lithocarpus pachyphylla,Assam,Eastern Himalayan Broadleaf Forests,,,,,,,,,,,,,,,,,,,,
Machilusâ spp,Assam,Eastern Himalayan Broadleaf Forests,,,,,,,,,,,,,,,,,,,,
Magnolia cathcartii,Assam,Eastern Himalayan Broadleaf Forests,,,,,,,,,,,,,,,,,,,,
Magnolia doltsopa,Assam,Eastern Himalayan Broadleaf Forests,,,,,,,,,,,,,,,,,,,,
Magnolia spp.,Assam,Eastern Himalayan Broadleaf Forests,,,,,,,,,,,,,,,,,,,,
Quercus lamellosa,Assam,Eastern Himalayan Broadleaf Forests,,,,,,,,,,,,,,,,,,,,
Rhododendron arboreum,Assam,Eastern Himalayan Broadleaf Forests,,,,,,,,,,,,,,,,,,,,
Rhododendron falconeri,Assam,Eastern Himalayan Broadleaf Forests,,,,,,,,,,,,,,,,,,,,
Rhododendron thomsonii,Assam,Eastern Himalayan Broadleaf Forests,,,,,,,,,,,,,,,,,,,,
Symplocos cochinchinensis,Assam,Eastern Himalayan Broadleaf Forests,,,,,,,,,,,,,,,,,,,,
Nepenthes khasiana,Assam,Meghalaya Subtropical Forests,,,,,,,,,,,,,,,,,,,,
Albizia procera,Assam,Mizorama manipura kachin Rain Forests,,,,,,,,,,,,,,,,,,,,
Anisoptera scaphula,Assam,Mizorama manipura kachin Rain Forests,,,,,,,,,,,,,,,,,,,,
Bombax ceiba,Assam,Mizorama manipura kachin Rain Forests,,,,,,,,,,,,,,,,,,,,
Bombax insignis,Assam,Mizorama manipura kachin Rain Forests,,,,,,,,,,,,,,,,,,,,
Castanopsisâ spp.,Assam,Mizorama manipura kachin Rain Forests,,,,,,,,,,,,,,,,,,,,
Dipterocarpus alatus,Assam,Mizorama manipura kachin Rain Forests,,,,,,,,,,,,,,,,,,,,
Dipterocarpus griffithii,Assam,Mizorama manipura kachin Rain Forests,,,,,,,,,,,,,,,,,,,,
Dipterocarpus turbinatus,Assam,Mizorama manipura kachin Rain Forests,,,,,,,,,,,,,,,,,,,,
Eugenia grandis,Assam,Mizorama manipura kachin Rain Forests,,,,,,,,,,,,,,,,,,,,
Gmelina arborea,Assam,Mizorama manipura kachin Rain Forests,,,,,,,,,,,,,,,,,,,,
Hopea odorata,Assam,Mizorama manipura kachin Rain Forests,,,,,,,,,,,,,,,,,,,,
Parashorea stellata,Assam,Mizorama manipura kachin Rain Forests,,,,,,,,,,,,,,,,,,,,
Shorea burmanica,Assam,Mizorama manipura kachin Rain Forests,,,,,,,,,,,,,,,,,,,,
Swintonia floribunda,Assam,Mizorama manipura kachin Rain Forests,,,,,,,,,,,,,,,,,,,,
Xylia xylocarpa,Assam,Mizorama manipura kachin Rain Forests,,,,,,,,,,,,,,,,,,,,
Acacia leucophloea,Assam,NA,,,,,,,,,,,,,,,,,,,,
Acacia senegal,Assam,NA,,,,,,,,,,,,,,,,,,,,
Acacia senegal,Assam,NA,,,,,,,,,,,,,,,,,,,,
Albizia amara,Assam,NA,,,,,,,,,,,,,,,,,,,,
Altingia excelsa,Assam,NA,,,,,,,,,,,,,,,,,,,,
Anogeissus latifolia,Assam,NA,,,,,,,,,,,,,,,,,,,,
Anogeissus latifolia,Assam,NA,,,,,,,,,,,,,,,,,,,,
Aquilaria malaccensis,Assam,NA,,,,,,,,,,,,,,,,,,,,
Buchanania lanzan,Assam,NA,,,,,,,,,,,,,,,,,,,,
Canthium parviflorum,Assam,NA,,,,,,,,,,,,,,,,,,,,
Capparis decidua,Assam,NA,,,,,,,,,,,,,,,,,,,,
Castanopsis indica,Assam,NA,,,,,,,,,,,,,,,,,,,,
Chrysopogon aciculatus,Assam,NA,,,,,,,,,,,,,,,,,,,,
Cleistanthus collinus,Assam,NA,,,,,,,,,,,,,,,,,,,,
Cynodon dactylon,Assam,NA,,,,,,,,,,,,,,,,,,,,
Cyperus rotundus,Assam,NA,,,,,,,,,,,,,,,,,,,,
Dendrocalamus strictus,Assam,NA,,,,,,,,,,,,,,,,,,,,
Diospyros chloroxylon,Assam,NA,,,,,,,,,,,,,,,,,,,,
Diospyros melanoxylon,Assam,NA,,,,,,,,,,,,,,,,,,,,
Diospyros melanoxylon,Assam,NA,,,,,,,,,,,,,,,,,,,,
Diospyros melanoxylon,Assam,NA,,,,,,,,,,,,,,,,,,,,
Diospyros melanoxylon,Assam,NA,,,,,,,,,,,,,,,,,,,,
Dipterocarpus retusus,Assam,NA,,,,,,,,,,,,,,,,,,,,
Eragrostis tenella,Assam,NA,,,,,,,,,,,,,,,,,,,,
Euphornia caducifolia,Assam,NA,,,,,,,,,,,,,,,,,,,,
Heteropogon contortus,Assam,NA,,,,,,,,,,,,,,,,,,,,
Holigarna grahamii,Assam,NA,,,,,,,,,,,,,,,,,,,,
Knema attenuata,Assam,NA,,,,,,,,,,,,,,,,,,,,
Lagerstroemia parviflora,Assam,NA,,,,,,,,,,,,,,,,,,,,
Lagerstroemia parviflora,Assam,NA,,,,,,,,,,,,,,,,,,,,
Litsea glutinosa,Assam,NA,,,,,,,,,,,,,,,,,,,,
Memecylon edule,Assam,NA,,,,,,,,,,,,,,,,,,,,
Olea dioica,Assam,NA,,,,,,,,,,,,,,,,,,,,
Phragmites karka,Assam,NA,,,,,,,,,,,,,,,,,,,,
Pinus insularis,Assam,NA,,,,,,,,,,,,,,,,,,,,
Pinus roxburghii,Assam,NA,,,,,,,,,,,,,,,,,,,,
Prosopis juliflora,Assam,NA,,,,,,,,,,,,,,,,,,,,
Pterocarpus marsupium,Assam,NA,,,,,,,,,,,,,,,,,,,,
Quercus leucotrichophora,Assam,NA,,,,,,,,,,,,,,,,,,,,
Saccharum spontaneum,Assam,NA,,,,,,,,,,,,,,,,,,,,
Schima wallichii,Assam,NA,,,,,,,,,,,,,,,,,,,,
Shorea assamica,Assam,NA,,,,,,,,,,,,,,,,,,,,
Syzygium cumini,Assam,NA,,,,,,,,,,,,,,,,,,,,
Tectona grandis,Assam,NA,,,,,,,,,,,,,,,,,,,,
Terminalia alata,Assam,NA,,,,,,,,,,,,,,,,,,,,
Terminalia alata,Assam,NA,,,,,,,,,,,,,,,,,,,,
Terminalia alata,Assam,NA,,,,,,,,,,,,,,,,,,,,
Terminalia arjuna,Assam,NA,,,,,,,,,,,,,,,,,,,,
Terminalia bellirica,Assam,NA,,,,,,,,,,,,,,,,,,,,
Trema orientalis,Assam,NA,,,,,,,,,,,,,,,,,,,,
Vetiveria zizanoides,Assam,NA,,,,,,,,,,,,,,,,,,,,
Vetiveria zizanoides,Assam,NA,,,,,,,,,,,,,,,,,,,,
Ziziphus nummularia,Assam,NA,,,,,,,,,,,,,,,,,,,,
Ziziphus xylopyrus,Assam,NA,,,,,,,,,,,,,,,,,,,,
Garuga pinnata.,Assam,Teraiaduar Savanna And Grasslands,,,,,,,,,,,,,,,,,,,,
Mallotus philippensis,Assam,Teraiaduar Savanna And Grasslands,,,,,,,,,,,,,,,,,,,,
Saccharum spontaneum,Assam,Teraiaduar Savanna And Grasslands,,,,,,,,,,,,,,,,,,,,
Syzigium cumini,Assam,Teraiaduar Savanna And Grasslands,,,,,,,,,,,,,,,,,,,,
Trewia nudiflora,Assam,Teraiaduar Savanna And Grasslands,,,,,,,,,,,,,,,,,,,,
Tripidium bengalense,Assam,Teraiaduar Savanna And Grasslands,,,,,,,,,,,,,,,,,,,,
Acacia leucophloea,Haryana,Aravalli West Thorn Scrub Forests,,,,,,,,,,,,,,,,,,,,
Acacia senegal,Haryana,Aravalli West Thorn Scrub Forests,,,,,,,,,,,,,,,,,,,,
Capparis zeylanica,Haryana,Aravalli West Thorn Scrub Forests,,,,,,,,,,,,,,,,,,,,
Gardenia,Haryana,Aravalli West Thorn Scrub Forests,,,,,,,,,,,,,,,,,,,,
Grewia,Haryana,Aravalli West Thorn Scrub Forests,,,,,,,,,,,,,,,,,,,,
Gymnosporia,Haryana,Aravalli West Thorn Scrub Forests,,,,,,,,,,,,,,,,,,,,
Prosopis cineraria,Haryana,Aravalli West Thorn Scrub Forests,,,,,,,,,,,,,,,,,,,,
Salvadora,Haryana,Aravalli West Thorn Scrub Forests,,,,,,,,,,,,,,,,,,,,
Acacia catechu,Haryana,Khathiara gir Dry Deciduous Forests,,,,,,,,,,,,,,,,,,,,
Acacia senegal,Haryana,Khathiara gir Dry Deciduous Forests,,,,,,,,,,,,,,,,,,,,
Aegle marmelos,Haryana,Khathiara gir Dry Deciduous Forests,,,,,,,,,,,,,,,,,,,,
Anogeissus pendula,Haryana,Khathiara gir Dry Deciduous Forests,,,,,,,,,,,,,,,,,,,,
Bombax ceiba,Haryana,Khathiara gir Dry Deciduous Forests,,,,,,,,,,,,,,,,,,,,
Boswellia serrata,Haryana,Khathiara gir Dry Deciduous Forests,,,,,,,,,,,,,,,,,,,,
Commiphora mukul,Haryana,Khathiara gir Dry Deciduous Forests,,,,,,,,,,,,,,,,,,,,
Dalbergia paniculata,Haryana,Khathiara gir Dry Deciduous Forests,,,,,,,,,,,,,,,,,,,,
Dicliptera abuensis,Haryana,Khathiara gir Dry Deciduous Forests,,,,,,,,,,,,,,,,,,,,
Diospyros spp.,Haryana,Khathiara gir Dry Deciduous Forests,,,,,,,,,,,,,,,,,,,,
Emblica officinalis,Haryana,Khathiara gir Dry Deciduous Forests,,,,,,,,,,,,,,,,,,,,
Euphorbia caducifolia,Haryana,Khathiara gir Dry Deciduous Forests,,,,,,,,,,,,,,,,,,,,
Grewia tenax,Haryana,Khathiara gir Dry Deciduous Forests,,,,,,,,,,,,,,,,,,,,
Grewia villosa,Haryana,Khathiara gir Dry Deciduous Forests,,,,,,,,,,,,,,,,,,,,
Maytenus emarginata,Haryana,Khathiara gir Dry Deciduous Forests,,,,,,,,,,,,,,,,,,,,
Ougeinia oojeinensis,Haryana,Khathiara gir Dry Deciduous Forests,,,,,,,,,,,,,,,,,,,,
Securinega leucopyrus,Haryana,Khathiara gir Dry Deciduous Forests,,,,,,,,,,,,,,,,,,,,
Sterculia urens,Haryana,Khathiara gir Dry Deciduous Forests,,,,,,,,,,,,,,,,,,,,
Strobilanthes halbergii,Haryana,Khathiara gir Dry Deciduous Forests,,,,,,,,,,,,,,,,,,,,
Tectona grandis,Haryana,Khathiara gir Dry Deciduous Forests,,,,,,,,,,,,,,,,,,,,
Terminalia tomentosa,Haryana,Khathiara gir Dry Deciduous Forests,,,,,,,,,,,,,,,,,,,,
Veronica anagallis,Haryana,Khathiara gir Dry Deciduous Forests,,,,,,,,,,,,,,,,,,,,
Wrightia tinctoria,Haryana,Khathiara gir Dry Deciduous Forests,,,,,,,,,,,,,,,,,,,,
Acacia catechu,Haryana,NA,,,,,,,,,,,,,,,,,,,,
Acacia chundra,Haryana,NA,,,,,,,,,,,,,,,,,,,,
Acacia senegal,Haryana,NA,,,,,,,,,,,,,,,,,,,,
Ageratum conyzoides,Haryana,NA,,,,,,,,,,,,,,,,,,,,
Anogeissus latifolia,Haryana,NA,,,,,,,,,,,,,,,,,,,,
Bauhinia racemosa,Haryana,NA,,,,,,,,,,,,,,,,,,,,
Buchanania lanzan,Haryana,NA,,,,,,,,,,,,,,,,,,,,
Butea monosperma,Haryana,NA,,,,,,,,,,,,,,,,,,,,
Cassia fistula,Haryana,NA,,,,,,,,,,,,,,,,,,,,
Chloroxylon swietenia,Haryana,NA,,,,,,,,,,,,,,,,,,,,
Chrysopogon aciculatus,Haryana,NA,,,,,,,,,,,,,,,,,,,,
Cyperus rotundus,Haryana,NA,,,,,,,,,,,,,,,,,,,,
Diospyros melanoxylon,Haryana,NA,,,,,,,,,,,,,,,,,,,,
Eragrostis tenella,Haryana,NA,,,,,,,,,,,,,,,,,,,,
Heteropogon contortus,Haryana,NA,,,,,,,,,,,,,,,,,,,,
Lannea coromandelica,Haryana,NA,,,,,,,,,,,,,,,,,,,,
Lantana camara,Haryana,NA,,,,,,,,,,,,,,,,,,,,
Melia azedarach,Haryana,NA,,,,,,,,,,,,,,,,,,,,
Memecylon edule,Haryana,NA,,,,,,,,,,,,,,,,,,,,
Mimosa hamata,Haryana,NA,,,,,,,,,,,,,,,,,,,,
Pinus insularis,Haryana,NA,,,,,,,,,,,,,,,,,,,,
Pinus roxburghii,Haryana,NA,,,,,,,,,,,,,,,,,,,,
Populus deltoides,Haryana,NA,,,,,,,,,,,,,,,,,,,,
Prosopis juliflora,Haryana,NA,,,,,,,,,,,,,,,,,,,,
Pterocarpus santalinus,Haryana,NA,,,,,,,,,,,,,,,,,,,,
Quercus leucotrichophora,Haryana,NA,,,,,,,,,,,,,,,,,,,,
Rhododendron arboreum,Haryana,NA,,,,,,,,,,,,,,,,,,,,
Rhododendron barbatum,Haryana,NA,,,,,,,,,,,,,,,,,,,,
Rhododendron grande,Haryana,NA,,,,,,,,,,,,,,,,,,,,
Saccharum spontaneum,Haryana,NA,,,,,,,,,,,,,,,,,,,,
Shorea robusta,Haryana,NA,,,,,,,,,,,,,,,,,,,,
Terminalia alata,Haryana,NA,,,,,,,,,,,,,,,,,,,,
Terminalia arjuna,Haryana,NA,,,,,,,,,,,,,,,,,,,,
Trema orientalis,Haryana,NA,,,,,,,,,,,,,,,,,,,,
Vernonia cinerea,Haryana,NA,,,,,,,,,,,,,,,,,,,,
Vetiveria zizanoides,Haryana,NA,,,,,,,,,,,,,,,,,,,,
Acacia nilotica,Haryana,Thar Desert,,,,,,,,,,,,,,,,,,,,
Aeluropus lagopoides,Haryana,Thar Desert,,,,,,,,,,,,,,,,,,,,
Aerva spp.,Haryana,Thar Desert,,,,,,,,,,,,,,,,,,,,
Aristida adscensionis,Haryana,Thar Desert,,,,,,,,,,,,,,,,,,,,
Calligonum polygonoides,Haryana,Thar Desert,,,,,,,,,,,,,,,,,,,,
Calotropis spp.,Haryana,Thar Desert,,,,,,,,,,,,,,,,,,,,
Capparis decidua,Haryana,Thar Desert,,,,,,,,,,,,,,,,,,,,
Cenchrus biflorus,Haryana,Thar Desert,,,,,,,,,,,,,,,,,,,,
Crotalaria spp.,Haryana,Thar Desert,,,,,,,,,,,,,,,,,,,,
Cympogon spp.,Haryana,Thar Desert,,,,,,,,,,,,,,,,,,,,
Cyperus spp.,Haryana,Thar Desert,,,,,,,,,,,,,,,,,,,,
Eleusine spp.,Haryana,Thar Desert,,,,,,,,,,,,,,,,,,,,
Eragrostis spp.,Haryana,Thar Desert,,,,,,,,,,,,,,,,,,,,
Haloxylon recurvum,Haryana,Thar Desert,,,,,,,,,,,,,,,,,,,,
Haloxylon salicornicum,Haryana,Thar Desert,,,,,,,,,,,,,,,,,,,,
Lasiurus scindicus,Haryana,Thar Desert,,,,,,,,,,,,,,,,,,,,
Panicum spp.,Haryana,Thar Desert,,,,,,,,,,,,,,,,,,,,
Prosopis cineraria,Haryana,Thar Desert,,,,,,,,,,,,,,,,,,,,
Prosopis juliflora,Haryana,Thar Desert,,,,,,,,,,,,,,,,,,,,
Sporobolus spp.,Haryana,Thar Desert,,,,,,,,,,,,,,,,,,,,
Tamrix aphylla,Haryana,Thar Desert,,,,,,,,,,,,,,,,,,,,
Zizyphus mauritiana,Haryana,Thar Desert,,,,,,,,,,,,,,,,,,,,
Adina cordifolia,Haryana,Upper Gangetic Plains Moist Deciduous Forests,,,,,,,,,,,,,,,,,,,,
Dillenia pentagyna,Haryana,Upper Gangetic Plains Moist Deciduous Forests,,,,,,,,,,,,,,,,,,,,
Ficus spp.,Haryana,Upper Gangetic Plains Moist Deciduous Forests,,,,,,,,,,,,,,,,,,,,
Ficus spp.,Haryana,Upper Gangetic Plains Moist Deciduous Forests,,,,,,,,,,,,,,,,,,,,
Lagerstroemia parviflora,Haryana,Upper Gangetic Plains Moist Deciduous Forests,,,,,,,,,,,,,,,,,,,,
Saccharum benghalense,Haryana,Upper Gangetic Plains Moist Deciduous Forests,,,,,,,,,,,,,,,,,,,,
Saccharum narenga,Haryana,Upper Gangetic Plains Moist Deciduous Forests,,,,,,,,,,,,,,,,,,,,
Saccharum spontaneum,Haryana,Upper Gangetic Plains Moist Deciduous Forests,,,,,,,,,,,,,,,,,,,,
Shorea robusta,Haryana,Upper Gangetic Plains Moist Deciduous Forests,,,,,,,,,,,,,,,,,,,,
Stereospermum suaveolens,Haryana,Upper Gangetic Plains Moist Deciduous Forests,,,,,,,,,,,,,,,,,,,,
Terminalia belerica,Haryana,Upper Gangetic Plains Moist Deciduous Forests,,,,,,,,,,,,,,,,,,,,
Terminalia tomentosa,Haryana,Upper Gangetic Plains Moist Deciduous Forests,,,,,,,,,,,,,,,,,,,,
Vetiveria zizanioides,Haryana,Upper Gangetic Plains Moist Deciduous Forests,,,,,,,,,,,,,,,,,,,,
Adina,Orissa,East Deccan Moist Deciduous Forests,,,,,,,,,,,,,,,,,,,,
Anogeissus sp.,Orissa,East Deccan Moist Deciduous Forests,,,,,,,,,,,,,,,,,,,,
Arisaema tortuosum,Orissa,East Deccan Moist Deciduous Forests,,,,,,,,,,,,,,,,,,,,
Arisaema tortuosum,Orissa,East Deccan Moist Deciduous Forests,,,,,,,,,,,,,,,,,,,,
Artocarpus integrifolia,Orissa,East Deccan Moist Deciduous Forests,,,,,,,,,,,,,,,,,,,,
Boehmeria macrophylla,Orissa,East Deccan Moist Deciduous Forests,,,,,,,,,,,,,,,,,,,,
Buchanania,Orissa,East Deccan Moist Deciduous Forests,,,,,,,,,,,,,,,,,,,,
Calamus rotang,Orissa,East Deccan Moist Deciduous Forests,,,,,,,,,,,,,,,,,,,,
Cleistanthus,Orissa,East Deccan Moist Deciduous Forests,,,,,,,,,,,,,,,,,,,,
Didymocarpus pygmaea,Orissa,East Deccan Moist Deciduous Forests,,,,,,,,,,,,,,,,,,,,
Elatostemma cuneatum,Orissa,East Deccan Moist Deciduous Forests,,,,,,,,,,,,,,,,,,,,
Gnetum ula,Orissa,East Deccan Moist Deciduous Forests,,,,,,,,,,,,,,,,,,,,
Leucas mukerjiana,Orissa,East Deccan Moist Deciduous Forests,,,,,,,,,,,,,,,,,,,,
Phlebophyllum jeyporensis,Orissa,East Deccan Moist Deciduous Forests,,,,,,,,,,,,,,,,,,,,
Rubus ellipticus,Orissa,East Deccan Moist Deciduous Forests,,,,,,,,,,,,,,,,,,,,
Rubus ellpiticus,Orissa,East Deccan Moist Deciduous Forests,,,,,,,,,,,,,,,,,,,,
Schefflera venulosa,Orissa,East Deccan Moist Deciduous Forests,,,,,,,,,,,,,,,,,,,,
Shorea robusta,Orissa,East Deccan Moist Deciduous Forests,,,,,,,,,,,,,,,,,,,,
Shorea robusta,Orissa,East Deccan Moist Deciduous Forests,,,,,,,,,,,,,,,,,,,,
Shorea robusta,Orissa,East Deccan Moist Deciduous Forests,,,,,,,,,,,,,,,,,,,,
Syzygium,Orissa,East Deccan Moist Deciduous Forests,,,,,,,,,,,,,,,,,,,,
Terminalia,Orissa,East Deccan Moist Deciduous Forests,,,,,,,,,,,,,,,,,,,,
Thalictrum foliolosum,Orissa,East Deccan Moist Deciduous Forests,,,,,,,,,,,,,,,,,,,,
Toona,Orissa,East Deccan Moist Deciduous Forests,,,,,,,,,,,,,,,,,,,,
Zanthoxylum rhetsa,Orissa,East Deccan Moist Deciduous Forests,,,,,,,,,,,,,,,,,,,,
Avicennia marina,Orissa,Godavari krishna Mangroves,,,,,,,,,,,,,,,,,,,,
Avicennia marina,Orissa,Godavari krishna Mangroves,,,,,,,,,,,,,,,,,,,,
Bruguiera spp,Orissa,Godavari krishna Mangroves,,,,,,,,,,,,,,,,,,,,
Rhizophora spp.,Orissa,Godavari krishna Mangroves,,,,,,,,,,,,,,,,,,,,
Suaeda spp.,Orissa,Godavari krishna Mangroves,,,,,,,,,,,,,,,,,,,,
Acacia catechu,Orissa,Lower Gangetic Plains Moist Deciduous Forests,,,,,,,,,,,,,,,,,,,,
Acacia catechu,Orissa,Lower Gangetic Plains Moist Deciduous Forests,,,,,,,,,,,,,,,,,,,,
Acacia catechu,Orissa,Lower Gangetic Plains Moist Deciduous Forests,,,,,,,,,,,,,,,,,,,,
Aegle marmelos,Orissa,Lower Gangetic Plains Moist Deciduous Forests,,,,,,,,,,,,,,,,,,,,
Albizia procera,Orissa,Lower Gangetic Plains Moist Deciduous Forests,,,,,,,,,,,,,,,,,,,,
Anogeissus latifolia,Orissa,Lower Gangetic Plains Moist Deciduous Forests,,,,,,,,,,,,,,,,,,,,
Anogeissus latifolia,Orissa,Lower Gangetic Plains Moist Deciduous Forests,,,,,,,,,,,,,,,,,,,,
Anogeissus latifolia,Orissa,Lower Gangetic Plains Moist Deciduous Forests,,,,,,,,,,,,,,,,,,,,
Anogeissus latifolia,Orissa,Lower Gangetic Plains Moist Deciduous Forests,,,,,,,,,,,,,,,,,,,,
Bombax ceiba,Orissa,Lower Gangetic Plains Moist Deciduous Forests,,,,,,,,,,,,,,,,,,,,
Bombax ceiba,Orissa,Lower Gangetic Plains Moist Deciduous Forests,,,,,,,,,,,,,,,,,,,,
Butea monosperma,Orissa,Lower Gangetic Plains Moist Deciduous Forests,,,,,,,,,,,,,,,,,,,,
Butea monosperma,Orissa,Lower Gangetic Plains Moist Deciduous Forests,,,,,,,,,,,,,,,,,,,,
Butea monosperma,Orissa,Lower Gangetic Plains Moist Deciduous Forests,,,,,,,,,,,,,,,,,,,,
Butea monosperma,Orissa,Lower Gangetic Plains Moist Deciduous Forests,,,,,,,,,,,,,,,,,,,,
Butea monosperma,Orissa,Lower Gangetic Plains Moist Deciduous Forests,,,,,,,,,,,,,,,,,,,,
Calamus tenuis,Orissa,Lower Gangetic Plains Moist Deciduous Forests,,,,,,,,,,,,,,,,,,,,
Dalbergia sisso,Orissa,Lower Gangetic Plains Moist Deciduous Forests,,,,,,,,,,,,,,,,,,,,
Dendrocalamus strictus,Orissa,Lower Gangetic Plains Moist Deciduous Forests,,,,,,,,,,,,,,,,,,,,
Duabanga sonneratioides,Orissa,Lower Gangetic Plains Moist Deciduous Forests,,,,,,,,,,,,,,,,,,,,
Lagerstroemia parviflora,Orissa,Lower Gangetic Plains Moist Deciduous Forests,,,,,,,,,,,,,,,,,,,,
Laportea crenulata,Orissa,Lower Gangetic Plains Moist Deciduous Forests,,,,,,,,,,,,,,,,,,,,
Madhuca indica,Orissa,Lower Gangetic Plains Moist Deciduous Forests,,,,,,,,,,,,,,,,,,,,
Madhuca latifolia,Orissa,Lower Gangetic Plains Moist Deciduous Forests,,,,,,,,,,,,,,,,,,,,
Ochna pumila,Orissa,Lower Gangetic Plains Moist Deciduous Forests,,,,,,,,,,,,,,,,,,,,
Phoenix acaulis,Orissa,Lower Gangetic Plains Moist Deciduous Forests,,,,,,,,,,,,,,,,,,,,
Pterocarpus marsupium,Orissa,Lower Gangetic Plains Moist Deciduous Forests,,,,,,,,,,,,,,,,,,,,
Pterspermum acerifolium,Orissa,Lower Gangetic Plains Moist Deciduous Forests,,,,,,,,,,,,,,,,,,,,
Shorea robusta,Orissa,Lower Gangetic Plains Moist Deciduous Forests,,,,,,,,,,,,,,,,,,,,
Sterculia villosa,Orissa,Lower Gangetic Plains Moist Deciduous Forests,,,,,,,,,,,,,,,,,,,,
Sterculia vilosa,Orissa,Lower Gangetic Plains Moist Deciduous Forests,,,,,,,,,,,,,,,,,,,,
Syzygium cumini,Orissa,Lower Gangetic Plains Moist Deciduous Forests,,,,,,,,,,,,,,,,,,,,
Syzygium cumini,Orissa,Lower Gangetic Plains Moist Deciduous Forests,,,,,,,,,,,,,,,,,,,,
Terminalia myriocarpa,Orissa,Lower Gangetic Plains Moist Deciduous Forests,,,,,,,,,,,,,,,,,,,,
Terminalia tomentosa,Orissa,Lower Gangetic Plains Moist Deciduous Forests,,,,,,,,,,,,,,,,,,,,
Themeda quadrivalvis,Orissa,Lower Gangetic Plains Moist Deciduous Forests,,,,,,,,,,,,,,,,,,,,
Zizyphus mauritiana,Orissa,Lower Gangetic Plains Moist Deciduous Forests,,,,,,,,,,,,,,,,,,,,
Abies densa,Orissa,NA,,,,,,,,,,,,,,,,,,,,
Abies densa,Orissa,NA,,,,,,,,,,,,,,,,,,,,
Abies densa,Orissa,NA,,,,,,,,,,,,,,,,,,,,
Acacia catechu,Orissa,NA,,,,,,,,,,,,,,,,,,,,
Acacia chundra,Orissa,NA,,,,,,,,,,,,,,,,,,,,
Acacia leucophloea,Orissa,NA,,,,,,,,,,,,,,,,,,,,
Acacia leucophloea,Orissa,NA,,,,,,,,,,,,,,,,,,,,
Acacia leucophloea,Orissa,NA,,,,,,,,,,,,,,,,,,,,
Acacia leucophloea,Orissa,NA,,,,,,,,,,,,,,,,,,,,
Acacia senegal,Orissa,NA,,,,,,,,,,,,,,,,,,,,
Acacia senegal,Orissa,NA,,,,,,,,,,,,,,,,,,,,
Acacia senegal,Orissa,NA,,,,,,,,,,,,,,,,,,,,
Acacia senegal,Orissa,NA,,,,,,,,,,,,,,,,,,,,
Acacia senegal,Orissa,NA,,,,,,,,,,,,,,,,,,,,
Acacia senegal,Orissa,NA,,,,,,,,,,,,,,,,,,,,
Acanthus ilicifolius,Orissa,NA,,,,,,,,,,,,,,,,,,,,
Actinodaphne hookeri,Orissa,NA,,,,,,,,,,,,,,,,,,,,
Aerva persica,Orissa,NA,,,,,,,,,,,,,,,,,,,,
Aerva persica,Orissa,NA,,,,,,,,,,,,,,,,,,,,
Ageratum conyzoides,Orissa,NA,,,,,,,,,,,,,,,,,,,,
Ailanthus excelsa,Orissa,NA,,,,,,,,,,,,,,,,,,,,
Albizia amara,Orissa,NA,,,,,,,,,,,,,,,,,,,,
Albizia amara,Orissa,NA,,,,,,,,,,,,,,,,,,,,
Altingia excelsa,Orissa,NA,,,,,,,,,,,,,,,,,,,,
Anogeissus pendula,Orissa,NA,,,,,,,,,,,,,,,,,,,,
Anogeissus pendula,Orissa,NA,,,,,,,,,,,,,,,,,,,,
Aristida funiculata,Orissa,NA,,,,,,,,,,,,,,,,,,,,
Atalantia monophylla,Orissa,NA,,,,,,,,,,,,,,,,,,,,
Avicennia alba,Orissa,NA,,,,,,,,,,,,,,,,,,,,
Avicennia marina,Orissa,NA,,,,,,,,,,,,,,,,,,,,
Avicennia marina,Orissa,NA,,,,,,,,,,,,,,,,,,,,
Avicennia officinalis,Orissa,NA,,,,,,,,,,,,,,,,,,,,
Barringtonia acutangula,Orissa,NA,,,,,,,,,,,,,,,,,,,,
Bauhinia racemosa,Orissa,NA,,,,,,,,,,,,,,,,,,,,
Bauhinia racemosa,Orissa,NA,,,,,,,,,,,,,,,,,,,,
Betula utilis,Orissa,NA,,,,,,,,,,,,,,,,,,,,
Betula utilis,Orissa,NA,,,,,,,,,,,,,,,,,,,,
Boswellia serrata,Orissa,NA,,,,,,,,,,,,,,,,,,,,
Bromus japonicus,Orissa,NA,,,,,,,,,,,,,,,,,,,,
Bruguiera gymnorrhiza,Orissa,NA,,,,,,,,,,,,,,,,,,,,
Buchanania lanzan,Orissa,NA,,,,,,,,,,,,,,,,,,,,
Butea monosperma,Orissa,NA,,,,,,,,,,,,,,,,,,,,
Canthium parviflorum,Orissa,NA,,,,,,,,,,,,,,,,,,,,
Capparis decidua,Orissa,NA,,,,,,,,,,,,,,,,,,,,
Cassia fistula,Orissa,NA,,,,,,,,,,,,,,,,,,,,
Castanopsis indica,Orissa,NA,,,,,,,,,,,,,,,,,,,,
Catunaregam spinosa,Orissa,NA,,,,,,,,,,,,,,,,,,,,
Catunaregam spinosa,Orissa,NA,,,,,,,,,,,,,,,,,,,,
Cedrus deodara,Orissa,NA,,,,,,,,,,,,,,,,,,,,
Cedrus deodara,Orissa,NA,,,,,,,,,,,,,,,,,,,,
Cedrus deodara,Orissa,NA,,,,,,,,,,,,,,,,,,,,
Celtis australis,Orissa,NA,,,,,,,,,,,,,,,,,,,,
Cenchrus biflorus,Orissa,NA,,,,,,,,,,,,,,,,,,,,
Cenchrus biflorus,Orissa,NA,,,,,,,,,,,,,,,,,,,,
Ceriops decandra,Orissa,NA,,,,,,,,,,,,,,,,,,,,
Ceriops tagal,Orissa,NA,,,,,,,,,,,,,,,,,,,,
Ceriops tagal,Orissa,NA,,,,,,,,,,,,,,,,,,,,
Chloroxylon swietenia,Orissa,NA,,,,,,,,,,,,,,,,,,,,
Chrysopogon aciculatus,Orissa,NA,,,,,,,,,,,,,,,,,,,,
Cleistanthus collinus,Orissa,NA,,,,,,,,,,,,,,,,,,,,
Cleistanthus collinus,Orissa,NA,,,,,,,,,,,,,,,,,,,,
Cynodon dactylon,Orissa,NA,,,,,,,,,,,,,,,,,,,,
Dactyloctenium aegyptium,Orissa,NA,,,,,,,,,,,,,,,,,,,,
Dactyloctenium aegyptium,Orissa,NA,,,,,,,,,,,,,,,,,,,,
Dendrocalamus strictus,Orissa,NA,,,,,,,,,,,,,,,,,,,,
Dendrocalamus strictus,Orissa,NA,,,,,,,,,,,,,,,,,,,,
Digitaria stewartiana,Orissa,NA,,,,,,,,,,,,,,,,,,,,
Digitaria stewartiana,Orissa,NA,,,,,,,,,,,,,,,,,,,,
Diospyros chloroxylon,Orissa,NA,,,,,,,,,,,,,,,,,,,,
Diospyros ebenum,Orissa,NA,,,,,,,,,,,,,,,,,,,,
Diospyros melanoxylon,Orissa,NA,,,,,,,,,,,,,,,,,,,,
Diospyros melanoxylon,Orissa,NA,,,,,,,,,,,,,,,,,,,,
Diospyros melanoxylon,Orissa,NA,,,,,,,,,,,,,,,,,,,,
Diospyros melanoxylon,Orissa,NA,,,,,,,,,,,,,,,,,,,,
Diospyros melanoxylon,Orissa,NA,,,,,,,,,,,,,,,,,,,,
Diospyros melanoxylon,Orissa,NA,,,,,,,,,,,,,,,,,,,,
Diospyros melanoxylon,Orissa,NA,,,,,,,,,,,,,,,,,,,,
Diospyros melanoxylon,Orissa,NA,,,,,,,,,,,,,,,,,,,,
Diospyros melanoxylon,Orissa,NA,,,,,,,,,,,,,,,,,,,,
Diospyros melanoxylon,Orissa,NA,,,,,,,,,,,,,,,,,,,,
Dipterocarpus retusus,Orissa,NA,,,,,,,,,,,,,,,,,,,,
Dipterocarpus turbinatus,Orissa,NA,,,,,,,,,,,,,,,,,,,,
Eragrostis tenella,Orissa,NA,,,,,,,,,,,,,,,,,,,,
Euphornia caducifolia,Orissa,NA,,,,,,,,,,,,,,,,,,,,
Excoecaria agallocha,Orissa,NA,,,,,,,,,,,,,,,,,,,,
Excoecaria agallocha,Orissa,NA,,,,,,,,,,,,,,,,,,,,
Flacourtia montana,Orissa,NA,,,,,,,,,,,,,,,,,,,,
Glochidion assamicum,Orissa,NA,,,,,,,,,,,,,,,,,,,,
Glochidion hirsutum,Orissa,NA,,,,,,,,,,,,,,,,,,,,
Gyrocarpus americanus,Orissa,NA,,,,,,,,,,,,,,,,,,,,
Hardwickia binata,Orissa,NA,,,,,,,,,,,,,,,,,,,,
Heteropogon contortus,Orissa,NA,,,,,,,,,,,,,,,,,,,,
Holarrhena pubescens,Orissa,NA,,,,,,,,,,,,,,,,,,,,
Holigarna grahamii,Orissa,NA,,,,,,,,,,,,,,,,,,,,
Holoptelea integrifolia,Orissa,NA,,,,,,,,,,,,,,,,,,,,
Hopea ponga,Orissa,NA,,,,,,,,,,,,,,,,,,,,
Juniperus communis,Orissa,NA,,,,,,,,,,,,,,,,,,,,
Juniperus communis,Orissa,NA,,,,,,,,,,,,,,,,,,,,
Juniperus recurva,Orissa,NA,,,,,,,,,,,,,,,,,,,,
Juniperus recurva,Orissa,NA,,,,,,,,,,,,,,,,,,,,
Juniperus wallichiana,Orissa,NA,,,,,,,,,,,,,,,,,,,,
Juniperus wallichiana,Orissa,NA,,,,,,,,,,,,,,,,,,,,
Knema attenuata,Orissa,NA,,,,,,,,,,,,,,,,,,,,
Lagerstroemia parviflora,Orissa,NA,,,,,,,,,,,,,,,,,,,,
Lagerstroemia parviflora,Orissa,NA,,,,,,,,,,,,,,,,,,,,
Lagerstroemia parviflora,Orissa,NA,,,,,,,,,,,,,,,,,,,,
Lagerstroemia parviflora,Orissa,NA,,,,,,,,,,,,,,,,,,,,
Lagerstroemia parviflora,Orissa,NA,,,,,,,,,,,,,,,,,,,,
Lannea coromandelica,Orissa,NA,,,,,,,,,,,,,,,,,,,,
Lannea coromandelica,Orissa,NA,,,,,,,,,,,,,,,,,,,,
Lannea coromandelica,Orissa,NA,,,,,,,,,,,,,,,,,,,,
Lantana camara,Orissa,NA,,,,,,,,,,,,,,,,,,,,
Lasiurus scindicus,Orissa,NA,,,,,,,,,,,,,,,,,,,,
Lithocarpus pachyphylla,Orissa,NA,,,,,,,,,,,,,,,,,,,,
Litsea glabrata,Orissa,NA,,,,,,,,,,,,,,,,,,,,
Lonicera tomentella,Orissa,NA,,,,,,,,,,,,,,,,,,,,
Lumnitzera littorea,Orissa,NA,,,,,,,,,,,,,,,,,,,,
Lumnitzera racemosa,Orissa,NA,,,,,,,,,,,,,,,,,,,,
Mallotus philippensis,Orissa,NA,,,,,,,,,,,,,,,,,,,,
Manilkara littoralis,Orissa,NA,,,,,,,,,,,,,,,,,,,,
Memecylon edule,Orissa,NA,,,,,,,,,,,,,,,,,,,,
Mimosa hamata,Orissa,NA,,,,,,,,,,,,,,,,,,,,
Mimosa hamata,Orissa,NA,,,,,,,,,,,,,,,,,,,,
Myristica andamanica,Orissa,NA,,,,,,,,,,,,,,,,,,,,
Myristica dactyloides,Orissa,NA,,,,,,,,,,,,,,,,,,,,
Myristica longifolia,Orissa,NA,,,,,,,,,,,,,,,,,,,,
Olea dioica,Orissa,NA,,,,,,,,,,,,,,,,,,,,
Pandanus tectorius,Orissa,NA,,,,,,,,,,,,,,,,,,,,
Panicum turgidum,Orissa,NA,,,,,,,,,,,,,,,,,,,,
Phleum alpinum,Orissa,NA,,,,,,,,,,,,,,,,,,,,
Phoenix humilis,Orissa,NA,,,,,,,,,,,,,,,,,,,,
Phoenix paludosa,Orissa,NA,,,,,,,,,,,,,,,,,,,,
Phragmites karka,Orissa,NA,,,,,,,,,,,,,,,,,,,,
Phyllanthus emblica,Orissa,NA,,,,,,,,,,,,,,,,,,,,
Picea smithiana,Orissa,NA,,,,,,,,,,,,,,,,,,,,
Pinus insularis,Orissa,NA,,,,,,,,,,,,,,,,,,,,
Pinus roxburghii,Orissa,NA,,,,,,,,,,,,,,,,,,,,
Pinus roxburghii,Orissa,NA,,,,,,,,,,,,,,,,,,,,
Pinus wallichiana,Orissa,NA,,,,,,,,,,,,,,,,,,,,
Pinus wallichiana,Orissa,NA,,,,,,,,,,,,,,,,,,,,
Pinus wallichiana,Orissa,NA,,,,,,,,,,,,,,,,,,,,
Pinus wallichiana,Orissa,NA,,,,,,,,,,,,,,,,,,,,
Pinus wallichiana,Orissa,NA,,,,,,,,,,,,,,,,,,,,
Poa annua,Orissa,NA,,,,,,,,,,,,,,,,,,,,
Pongamia pinnata,Orissa,NA,,,,,,,,,,,,,,,,,,,,
Pongamia pinnata,Orissa,NA,,,,,,,,,,,,,,,,,,,,
Prosopis cineraria,Orissa,NA,,,,,,,,,,,,,,,,,,,,
Prosopis cineraria,Orissa,NA,,,,,,,,,,,,,,,,,,,,
Prosopis cineraria,Orissa,NA,,,,,,,,,,,,,,,,,,,,
Prosopis juliflora,Orissa,NA,,,,,,,,,,,,,,,,,,,,
Prosopis juliflora,Orissa,NA,,,,,,,,,,,,,,,,,,,,
Prosopis juliflora,Orissa,NA,,,,,,,,,,,,,,,,,,,,
Pterocarpus santalinus,Orissa,NA,,,,,,,,,,,,,,,,,,,,
Pterocymbium tinctorium,Orissa,NA,,,,,,,,,,,,,,,,,,,,
Quercus dilatata,Orissa,NA,,,,,,,,,,,,,,,,,,,,
Quercus lamellosa,Orissa,NA,,,,,,,,,,,,,,,,,,,,
Quercus leucotrichophora,Orissa,NA,,,,,,,,,,,,,,,,,,,,
Quercus leucotrichophora,Orissa,NA,,,,,,,,,,,,,,,,,,,,
Quercus serrata,Orissa,NA,,,,,,,,,,,,,,,,,,,,
Rhizophora apiculata,Orissa,NA,,,,,,,,,,,,,,,,,,,,
Rhizophora apiculata,Orissa,NA,,,,,,,,,,,,,,,,,,,,
Rhizophora apiculata,Orissa,NA,,,,,,,,,,,,,,,,,,,,
Rhizophora mucronata,Orissa,NA,,,,,,,,,,,,,,,,,,,,
Rhododendron arboreum,Orissa,NA,,,,,,,,,,,,,,,,,,,,
Rhododendron arboreum,Orissa,NA,,,,,,,,,,,,,,,,,,,,
Rhododendron barbatum,Orissa,NA,,,,,,,,,,,,,,,,,,,,
Rhododendron barbatum,Orissa,NA,,,,,,,,,,,,,,,,,,,,
Rhododendron campanulatum,Orissa,NA,,,,,,,,,,,,,,,,,,,,
Rhododendron grande,Orissa,NA,,,,,,,,,,,,,,,,,,,,
Schima wallichii,Orissa,NA,,,,,,,,,,,,,,,,,,,,
Setaria viridis,Orissa,NA,,,,,,,,,,,,,,,,,,,,
Shorea assamica,Orissa,NA,,,,,,,,,,,,,,,,,,,,
Streblus asper,Orissa,NA,,,,,,,,,,,,,,,,,,,,
Streblus asper,Orissa,NA,,,,,,,,,,,,,,,,,,,,
Symplocos glomerata,Orissa,NA,,,,,,,,,,,,,,,,,,,,
Syzygium cumini,Orissa,NA,,,,,,,,,,,,,,,,,,,,
Syzygium cumini,Orissa,NA,,,,,,,,,,,,,,,,,,,,
Syzygium cumini,Orissa,NA,,,,,,,,,,,,,,,,,,,,
Syzygium nervosum,Orissa,NA,,,,,,,,,,,,,,,,,,,,
Tecomella undulata,Orissa,NA,,,,,,,,,,,,,,,,,,,,
Tectona grandis,Orissa,NA,,,,,,,,,,,,,,,,,,,,
Tectona grandis,Orissa,NA,,,,,,,,,,,,,,,,,,,,
Tectona grandis,Orissa,NA,,,,,,,,,,,,,,,,,,,,
Terminalia alata,Orissa,NA,,,,,,,,,,,,,,,,,,,,
Terminalia alata,Orissa,NA,,,,,,,,,,,,,,,,,,,,
Terminalia alata,Orissa,NA,,,,,,,,,,,,,,,,,,,,
Terminalia alata,Orissa,NA,,,,,,,,,,,,,,,,,,,,
Terminalia alata,Orissa,NA,,,,,,,,,,,,,,,,,,,,
Terminalia alata,Orissa,NA,,,,,,,,,,,,,,,,,,,,
Terminalia alata,Orissa,NA,,,,,,,,,,,,,,,,,,,,
Terminalia alata,Orissa,NA,,,,,,,,,,,,,,,,,,,,
Terminalia alata,Orissa,NA,,,,,,,,,,,,,,,,,,,,
Terminalia arjuna,Orissa,NA,,,,,,,,,,,,,,,,,,,,
Terminalia bellirica,Orissa,NA,,,,,,,,,,,,,,,,,,,,
Trema orientalis,Orissa,NA,,,,,,,,,,,,,,,,,,,,
Turpinia malabarica,Orissa,NA,,,,,,,,,,,,,,,,,,,,
Vernonia cinerea,Orissa,NA,,,,,,,,,,,,,,,,,,,,
Vetiveria zizanoides,Orissa,NA,,,,,,,,,,,,,,,,,,,,
Xylocarpus granatum,Orissa,NA,,,,,,,,,,,,,,,,,,,,
Ziziphus nummularia,Orissa,NA,,,,,,,,,,,,,,,,,,,,
Ziziphus xylopyrus,Orissa,NA,,,,,,,,,,,,,,,,,,,,
Ziziphus xylopyrus,Orissa,NA,,,,,,,,,,,,,,,,,,,,
Acacia lenticularis,Orissa,North Deccan Dry Deciduous Forests,,,,,,,,,,,,,,,,,,,,
Anogeissus latifolia,Orissa,North Deccan Dry Deciduous Forests,,,,,,,,,,,,,,,,,,,,
Boswellia serrata,Orissa,North Deccan Dry Deciduous Forests,,,,,,,,,,,,,,,,,,,,
Butea monosperma,Orissa,North Deccan Dry Deciduous Forests,,,,,,,,,,,,,,,,,,,,
Butea monosperma,Orissa,North Deccan Dry Deciduous Forests,,,,,,,,,,,,,,,,,,,,
Butea monosperma,Orissa,North Deccan Dry Deciduous Forests,,,,,,,,,,,,,,,,,,,,
Butea monosperma,Orissa,North Deccan Dry Deciduous Forests,,,,,,,,,,,,,,,,,,,,
Butea monosperma,Orissa,North Deccan Dry Deciduous Forests,,,,,,,,,,,,,,,,,,,,
Cleistanthus collinus,Orissa,North Deccan Dry Deciduous Forests,,,,,,,,,,,,,,,,,,,,
Cochlospermum religiosum,Orissa,North Deccan Dry Deciduous Forests,,,,,,,,,,,,,,,,,,,,
Dalbergia latifolia,Orissa,North Deccan Dry Deciduous Forests,,,,,,,,,,,,,,,,,,,,
Dendrocalamus strictus,Orissa,North Deccan Dry Deciduous Forests,,,,,,,,,,,,,,,,,,,,
Euphorbia nivulia,Orissa,North Deccan Dry Deciduous Forests,,,,,,,,,,,,,,,,,,,,
Flacourtia indica,Orissa,North Deccan Dry Deciduous Forests,,,,,,,,,,,,,,,,,,,,
Pterocarpus marsupium,Orissa,North Deccan Dry Deciduous Forests,,,,,,,,,,,,,,,,,,,,
Shorea roobusta,Orissa,North Deccan Dry Deciduous Forests,,,,,,,,,,,,,,,,,,,,
Spondias pinnata,Orissa,North Deccan Dry Deciduous Forests,,,,,,,,,,,,,,,,,,,,
Sterculia urens,Orissa,North Deccan Dry Deciduous Forests,,,,,,,,,,,,,,,,,,,,
Stereospermum suaveolens,Orissa,North Deccan Dry Deciduous Forests,,,,,,,,,,,,,,,,,,,,
Tectona grandis,Orissa,North Deccan Dry Deciduous Forests,,,,,,,,,,,,,,,,,,,,
Anogeissus latifolia,Orissa,Odisha Semi-evergreen Forests,,,,,,,,,,,,,,,,,,,,
Anogeissus latifolia,Orissa,Odisha Semi-evergreen Forests,,,,,,,,,,,,,,,,,,,,
Anogeissus latifolia,Orissa,Odisha Semi-evergreen Forests,,,,,,,,,,,,,,,,,,,,
Anogeissus latifolia,Orissa,Odisha Semi-evergreen Forests,,,,,,,,,,,,,,,,,,,,
Aphanamixis polystachya,Orissa,Odisha Semi-evergreen Forests,,,,,,,,,,,,,,,,,,,,
Artocarpus lakoocha,Orissa,Odisha Semi-evergreen Forests,,,,,,,,,,,,,,,,,,,,
Bridelia tomentosa,Orissa,Odisha Semi-evergreen Forests,,,,,,,,,,,,,,,,,,,,
Bridelia verrucosa,Orissa,Odisha Semi-evergreen Forests,,,,,,,,,,,,,,,,,,,,
Celtis tetrandra,Orissa,Odisha Semi-evergreen Forests,,,,,,,,,,,,,,,,,,,,
Dillenia pentagyna,Orissa,Odisha Semi-evergreen Forests,,,,,,,,,,,,,,,,,,,,
Ficus spp.,Orissa,Odisha Semi-evergreen Forests,,,,,,,,,,,,,,,,,,,,
Firmiana colorata,Orissa,Odisha Semi-evergreen Forests,,,,,,,,,,,,,,,,,,,,
Glochidion spp.,Orissa,Odisha Semi-evergreen Forests,,,,,,,,,,,,,,,,,,,,
Grewia tiliaefolia,Orissa,Odisha Semi-evergreen Forests,,,,,,,,,,,,,,,,,,,,
Litsea nitida,Orissa,Odisha Semi-evergreen Forests,,,,,,,,,,,,,,,,,,,,
Macaranga peltata,Orissa,Odisha Semi-evergreen Forests,,,,,,,,,,,,,,,,,,,,
Mangifera indica,Orissa,Odisha Semi-evergreen Forests,,,,,,,,,,,,,,,,,,,,
Mesua ferrea,Orissa,Odisha Semi-evergreen Forests,,,,,,,,,,,,,,,,,,,,
Michelia champaca,Orissa,Odisha Semi-evergreen Forests,,,,,,,,,,,,,,,,,,,,
Phoebe lanceolata,Orissa,Odisha Semi-evergreen Forests,,,,,,,,,,,,,,,,,,,,
Polyalthia spp.,Orissa,Odisha Semi-evergreen Forests,,,,,,,,,,,,,,,,,,,,
Pterocarpus marsupium,Orissa,Odisha Semi-evergreen Forests,,,,,,,,,,,,,,,,,,,,
Saraca indica,Orissa,Odisha Semi-evergreen Forests,,,,,,,,,,,,,,,,,,,,
Terminalia bellirica,Orissa,Odisha Semi-evergreen Forests,,,,,,,,,,,,,,,,,,,,
Terminalia tomentosa,Orissa,Odisha Semi-evergreen Forests,,,,,,,,,,,,,,,,,,,,
Xylia xylocarpa,Orissa,Odisha Semi-evergreen Forests,,,,,,,,,,,,,,,,,,,,
Acacia leucophloea,Rajasthan,Aravalli West Thorn Scrub Forests,,,,,,,,,,,,,,,,,,,,
Acacia leucophloea,Rajasthan,Aravalli West Thorn Scrub Forests,,,,,,,,,,,,,,,,,,,,
Acacia leucophloea,Rajasthan,Aravalli West Thorn Scrub Forests,,,,,,,,,,,,,,,,,,,,
Acacia senegal,Rajasthan,Aravalli West Thorn Scrub Forests,,,,,,,,,,,,,,,,,,,,
Aegle marmelos,Rajasthan,Aravalli West Thorn Scrub Forests,,,,,,,,,,,,,,,,,,,,
Anogeissus pendula,Rajasthan,Aravalli West Thorn Scrub Forests,,,,,,,,,,,,,,,,,,,,
Boswellia serreta,Rajasthan,Aravalli West Thorn Scrub Forests,,,,,,,,,,,,,,,,,,,,
Capparis zeylanica,Rajasthan,Aravalli West Thorn Scrub Forests,,,,,,,,,,,,,,,,,,,,
Carissa spp.,Rajasthan,Aravalli West Thorn Scrub Forests,,,,,,,,,,,,,,,,,,,,
Cassia fistula,Rajasthan,Aravalli West Thorn Scrub Forests,,,,,,,,,,,,,,,,,,,,
Dicrostachys cinerea,Rajasthan,Aravalli West Thorn Scrub Forests,,,,,,,,,,,,,,,,,,,,
Diospyros melanxylon,Rajasthan,Aravalli West Thorn Scrub Forests,,,,,,,,,,,,,,,,,,,,
Gardenia spp.,Rajasthan,Aravalli West Thorn Scrub Forests,,,,,,,,,,,,,,,,,,,,
Grewia spp.,Rajasthan,Aravalli West Thorn Scrub Forests,,,,,,,,,,,,,,,,,,,,
Gymnosporia spp.,Rajasthan,Aravalli West Thorn Scrub Forests,,,,,,,,,,,,,,,,,,,,
Mitragyna parviflora,Rajasthan,Aravalli West Thorn Scrub Forests,,,,,,,,,,,,,,,,,,,,
Peristrophe sp.,Rajasthan,Aravalli West Thorn Scrub Forests,,,,,,,,,,,,,,,,,,,,
Prosopis spicigera,Rajasthan,Aravalli West Thorn Scrub Forests,,,,,,,,,,,,,,,,,,,,
Rivea sp.,Rajasthan,Aravalli West Thorn Scrub Forests,,,,,,,,,,,,,,,,,,,,
Salvadora sp.,Rajasthan,Aravalli West Thorn Scrub Forests,,,,,,,,,,,,,,,,,,,,
Salvadora spp.,Rajasthan,Aravalli West Thorn Scrub Forests,,,,,,,,,,,,,,,,,,,,
Tamarix sp.,Rajasthan,Aravalli West Thorn Scrub Forests,,,,,,,,,,,,,,,,,,,,
Tinospora sp.,Rajasthan,Aravalli West Thorn Scrub Forests,,,,,,,,,,,,,,,,,,,,
Tragia sp.,Rajasthan,Aravalli West Thorn Scrub Forests,,,,,,,,,,,,,,,,,,,,
Vitis sp.,Rajasthan,Aravalli West Thorn Scrub Forests,,,,,,,,,,,,,,,,,,,,
Wrightia tinctoria.,Rajasthan,Aravalli West Thorn Scrub Forests,,,,,,,,,,,,,,,,,,,,
Zizyphus nummularia,Rajasthan,Aravalli West Thorn Scrub Forests,,,,,,,,,,,,,,,,,,,,
Acacia catechu,Rajasthan,Khathiara gir Dry Deciduous Forests,,,,,,,,,,,,,,,,,,,,
Acacia catechu,Rajasthan,Khathiara gir Dry Deciduous Forests,,,,,,,,,,,,,,,,,,,,
Acacia catechu,Rajasthan,Khathiara gir Dry Deciduous Forests,,,,,,,,,,,,,,,,,,,,
Acacia senegal,Rajasthan,Khathiara gir Dry Deciduous Forests,,,,,,,,,,,,,,,,,,,,
Acacia senegal,Rajasthan,Khathiara gir Dry Deciduous Forests,,,,,,,,,,,,,,,,,,,,
Acacia senegal,Rajasthan,Khathiara gir Dry Deciduous Forests,,,,,,,,,,,,,,,,,,,,
Acacia senegal,Rajasthan,Khathiara gir Dry Deciduous Forests,,,,,,,,,,,,,,,,,,,,
Aegle marmelos,Rajasthan,Khathiara gir Dry Deciduous Forests,,,,,,,,,,,,,,,,,,,,
Anogeissus pendula,Rajasthan,Khathiara gir Dry Deciduous Forests,,,,,,,,,,,,,,,,,,,,
Bombax ceiba,Rajasthan,Khathiara gir Dry Deciduous Forests,,,,,,,,,,,,,,,,,,,,
Boswellia serrata,Rajasthan,Khathiara gir Dry Deciduous Forests,,,,,,,,,,,,,,,,,,,,
Commiphora mukul,Rajasthan,Khathiara gir Dry Deciduous Forests,,,,,,,,,,,,,,,,,,,,
Dalbergia paniculata,Rajasthan,Khathiara gir Dry Deciduous Forests,,,,,,,,,,,,,,,,,,,,
Dicliptera abuensis,Rajasthan,Khathiara gir Dry Deciduous Forests,,,,,,,,,,,,,,,,,,,,
Diospyros spp.,Rajasthan,Khathiara gir Dry Deciduous Forests,,,,,,,,,,,,,,,,,,,,
Emblica officinalis,Rajasthan,Khathiara gir Dry Deciduous Forests,,,,,,,,,,,,,,,,,,,,
Euphorbia caducifolia,Rajasthan,Khathiara gir Dry Deciduous Forests,,,,,,,,,,,,,,,,,,,,
Grewia tenax,Rajasthan,Khathiara gir Dry Deciduous Forests,,,,,,,,,,,,,,,,,,,,
Grewia villosa,Rajasthan,Khathiara gir Dry Deciduous Forests,,,,,,,,,,,,,,,,,,,,
Maytenus emarginata,Rajasthan,Khathiara gir Dry Deciduous Forests,,,,,,,,,,,,,,,,,,,,
Ougeinia oojeinensis,Rajasthan,Khathiara gir Dry Deciduous Forests,,,,,,,,,,,,,,,,,,,,
Securinega leucopyrus,Rajasthan,Khathiara gir Dry Deciduous Forests,,,,,,,,,,,,,,,,,,,,
Sterculia urens,Rajasthan,Khathiara gir Dry Deciduous Forests,,,,,,,,,,,,,,,,,,,,
Strobilanthes halbergii,Rajasthan,Khathiara gir Dry Deciduous Forests,,,,,,,,,,,,,,,,,,,,
Tectona grandis,Rajasthan,Khathiara gir Dry Deciduous Forests,,,,,,,,,,,,,,,,,,,,
Tectona grandis,Rajasthan,Khathiara gir Dry Deciduous Forests,,,,,,,,,,,,,,,,,,,,
Tectona grandis,Rajasthan,Khathiara gir Dry Deciduous Forests,,,,,,,,,,,,,,,,,,,,
Terminalia tomentosa,Rajasthan,Khathiara gir Dry Deciduous Forests,,,,,,,,,,,,,,,,,,,,
Veronica anagallis,Rajasthan,Khathiara gir Dry Deciduous Forests,,,,,,,,,,,,,,,,,,,,
Wrightia tinctoria,Rajasthan,Khathiara gir Dry Deciduous Forests,,,,,,,,,,,,,,,,,,,,
Abies densa,Rajasthan,NA,,,,,,,,,,,,,,,,,,,,
Abies densa,Rajasthan,NA,,,,,,,,,,,,,,,,,,,,
Abies densa,Rajasthan,NA,,,,,,,,,,,,,,,,,,,,
Acacia catechu,Rajasthan,NA,,,,,,,,,,,,,,,,,,,,
Acacia chundra,Rajasthan,NA,,,,,,,,,,,,,,,,,,,,
Acacia leucophloea,Rajasthan,NA,,,,,,,,,,,,,,,,,,,,
Acacia senegal,Rajasthan,NA,,,,,,,,,,,,,,,,,,,,
Acacia senegal,Rajasthan,NA,,,,,,,,,,,,,,,,,,,,
Acanthus ilicifolius,Rajasthan,NA,,,,,,,,,,,,,,,,,,,,
Actinodaphne hookeri,Rajasthan,NA,,,,,,,,,,,,,,,,,,,,
Aerva persica,Rajasthan,NA,,,,,,,,,,,,,,,,,,,,
Aerva persica,Rajasthan,NA,,,,,,,,,,,,,,,,,,,,
Ageratum conyzoides,Rajasthan,NA,,,,,,,,,,,,,,,,,,,,
Ailanthus excelsa,Rajasthan,NA,,,,,,,,,,,,,,,,,,,,
Albizia amara,Rajasthan,NA,,,,,,,,,,,,,,,,,,,,
Albizia amara,Rajasthan,NA,,,,,,,,,,,,,,,,,,,,
Altingia excelsa,Rajasthan,NA,,,,,,,,,,,,,,,,,,,,
Anogeissus latifolia,Rajasthan,NA,,,,,,,,,,,,,,,,,,,,
Anogeissus latifolia,Rajasthan,NA,,,,,,,,,,,,,,,,,,,,
Anogeissus latifolia,Rajasthan,NA,,,,,,,,,,,,,,,,,,,,
Anogeissus latifolia,Rajasthan,NA,,,,,,,,,,,,,,,,,,,,
Anogeissus latifolia,Rajasthan,NA,,,,,,,,,,,,,,,,,,,,
Anogeissus pendula,Rajasthan,NA,,,,,,,,,,,,,,,,,,,,
Aristida funiculata,Rajasthan,NA,,,,,,,,,,,,,,,,,,,,
Atalantia monophylla,Rajasthan,NA,,,,,,,,,,,,,,,,,,,,
Avicennia alba,Rajasthan,NA,,,,,,,,,,,,,,,,,,,,
Avicennia marina,Rajasthan,NA,,,,,,,,,,,,,,,,,,,,
Avicennia marina,Rajasthan,NA,,,,,,,,,,,,,,,,,,,,
Avicennia marina,Rajasthan,NA,,,,,,,,,,,,,,,,,,,,
Avicennia marina,Rajasthan,NA,,,,,,,,,,,,,,,,,,,,
Avicennia officinalis,Rajasthan,NA,,,,,,,,,,,,,,,,,,,,
Barringtonia acutangula,Rajasthan,NA,,,,,,,,,,,,,,,,,,,,
Bauhinia racemosa,Rajasthan,NA,,,,,,,,,,,,,,,,,,,,
Bauhinia racemosa,Rajasthan,NA,,,,,,,,,,,,,,,,,,,,
Betula utilis,Rajasthan,NA,,,,,,,,,,,,,,,,,,,,
Betula utilis,Rajasthan,NA,,,,,,,,,,,,,,,,,,,,
Boswellia serrata,Rajasthan,NA,,,,,,,,,,,,,,,,,,,,
Bromus japonicus,Rajasthan,NA,,,,,,,,,,,,,,,,,,,,
Bruguiera gymnorrhiza,Rajasthan,NA,,,,,,,,,,,,,,,,,,,,
Buchanania lanzan,Rajasthan,NA,,,,,,,,,,,,,,,,,,,,
Butea monosperma,Rajasthan,NA,,,,,,,,,,,,,,,,,,,,
Butea monosperma,Rajasthan,NA,,,,,,,,,,,,,,,,,,,,
Butea monosperma,Rajasthan,NA,,,,,,,,,,,,,,,,,,,,
Butea monosperma,Rajasthan,NA,,,,,,,,,,,,,,,,,,,,
Butea monosperma,Rajasthan,NA,,,,,,,,,,,,,,,,,,,,
Butea monosperma,Rajasthan,NA,,,,,,,,,,,,,,,,,,,,
Canthium parviflorum,Rajasthan,NA,,,,,,,,,,,,,,,,,,,,
Castanopsis indica,Rajasthan,NA,,,,,,,,,,,,,,,,,,,,
Catunaregam spinosa,Rajasthan,NA,,,,,,,,,,,,,,,,,,,,
Catunaregam spinosa,Rajasthan,NA,,,,,,,,,,,,,,,,,,,,
Cedrus deodara,Rajasthan,NA,,,,,,,,,,,,,,,,,,,,
Cedrus deodara,Rajasthan,NA,,,,,,,,,,,,,,,,,,,,
Cedrus deodara,Rajasthan,NA,,,,,,,,,,,,,,,,,,,,
Celtis australis,Rajasthan,NA,,,,,,,,,,,,,,,,,,,,
Cenchrus biflorus,Rajasthan,NA,,,,,,,,,,,,,,,,,,,,
Cenchrus biflorus,Rajasthan,NA,,,,,,,,,,,,,,,,,,,,
Ceriops decandra,Rajasthan,NA,,,,,,,,,,,,,,,,,,,,
Ceriops tagal,Rajasthan,NA,,,,,,,,,,,,,,,,,,,,
Ceriops tagal,Rajasthan,NA,,,,,,,,,,,,,,,,,,,,
Chloroxylon swietenia,Rajasthan,NA,,,,,,,,,,,,,,,,,,,,
Chrysopogon aciculatus,Rajasthan,NA,,,,,,,,,,,,,,,,,,,,
Cleistanthus collinus,Rajasthan,NA,,,,,,,,,,,,,,,,,,,,
Cleistanthus collinus,Rajasthan,NA,,,,,,,,,,,,,,,,,,,,
Cynodon dactylon,Rajasthan,NA,,,,,,,,,,,,,,,,,,,,
Dactyloctenium aegyptium,Rajasthan,NA,,,,,,,,,,,,,,,,,,,,
Dactyloctenium aegyptium,Rajasthan,NA,,,,,,,,,,,,,,,,,,,,
Dalbergia latifolia,Rajasthan,NA,,,,,,,,,,,,,,,,,,,,
Dendrocalamus strictus,Rajasthan,NA,,,,,,,,,,,,,,,,,,,,
Dendrocalamus strictus,Rajasthan,NA,,,,,,,,,,,,,,,,,,,,
Digitaria stewartiana,Rajasthan,NA,,,,,,,,,,,,,,,,,,,,
Digitaria stewartiana,Rajasthan,NA,,,,,,,,,,,,,,,,,,,,
Diospyros chloroxylon,Rajasthan,NA,,,,,,,,,,,,,,,,,,,,
Diospyros ebenum,Rajasthan,NA,,,,,,,,,,,,,,,,,,,,
Diospyros melanoxylon,Rajasthan,NA,,,,,,,,,,,,,,,,,,,,
Diospyros melanoxylon,Rajasthan,NA,,,,,,,,,,,,,,,,,,,,
Diospyros melanoxylon,Rajasthan,NA,,,,,,,,,,,,,,,,,,,,
Diospyros melanoxylon,Rajasthan,NA,,,,,,,,,,,,,,,,,,,,
Diospyros melanoxylon,Rajasthan,NA,,,,,,,,,,,,,,,,,,,,
Diospyros melanoxylon,Rajasthan,NA,,,,,,,,,,,,,,,,,,,,
Diospyros melanoxylon,Rajasthan,NA,,,,,,,,,,,,,,,,,,,,
Diospyros melanoxylon,Rajasthan,NA,,,,,,,,,,,,,,,,,,,,
Diospyros melanoxylon,Rajasthan,NA,,,,,,,,,,,,,,,,,,,,
Diospyros melanoxylon,Rajasthan,NA,,,,,,,,,,,,,,,,,,,,
Dipterocarpus retusus,Rajasthan,NA,,,,,,,,,,,,,,,,,,,,
Dipterocarpus turbinatus,Rajasthan,NA,,,,,,,,,,,,,,,,,,,,
Eragrostis tenella,Rajasthan,NA,,,,,,,,,,,,,,,,,,,,
Euphornia caducifolia,Rajasthan,NA,,,,,,,,,,,,,,,,,,,,
Excoecaria agallocha,Rajasthan,NA,,,,,,,,,,,,,,,,,,,,
Excoecaria agallocha,Rajasthan,NA,,,,,,,,,,,,,,,,,,,,
Flacourtia montana,Rajasthan,NA,,,,,,,,,,,,,,,,,,,,
Glochidion assamicum,Rajasthan,NA,,,,,,,,,,,,,,,,,,,,
Glochidion hirsutum,Rajasthan,NA,,,,,,,,,,,,,,,,,,,,
Gyrocarpus americanus,Rajasthan,NA,,,,,,,,,,,,,,,,,,,,
Hardwickia binata,Rajasthan,NA,,,,,,,,,,,,,,,,,,,,
Heteropogon contortus,Rajasthan,NA,,,,,,,,,,,,,,,,,,,,
Holarrhena pubescens,Rajasthan,NA,,,,,,,,,,,,,,,,,,,,
Holigarna grahamii,Rajasthan,NA,,,,,,,,,,,,,,,,,,,,
Holoptelea integrifolia,Rajasthan,NA,,,,,,,,,,,,,,,,,,,,
Hopea ponga,Rajasthan,NA,,,,,,,,,,,,,,,,,,,,
Juniperus communis,Rajasthan,NA,,,,,,,,,,,,,,,,,,,,
Juniperus communis,Rajasthan,NA,,,,,,,,,,,,,,,,,,,,
Juniperus recurva,Rajasthan,NA,,,,,,,,,,,,,,,,,,,,
Juniperus recurva,Rajasthan,NA,,,,,,,,,,,,,,,,,,,,
Juniperus wallichiana,Rajasthan,NA,,,,,,,,,,,,,,,,,,,,
Juniperus wallichiana,Rajasthan,NA,,,,,,,,,,,,,,,,,,,,
Knema attenuata,Rajasthan,NA,,,,,,,,,,,,,,,,,,,,
Lannea coromandelica,Rajasthan,NA,,,,,,,,,,,,,,,,,,,,
Lannea coromandelica,Rajasthan,NA,,,,,,,,,,,,,,,,,,,,
Lannea coromandelica,Rajasthan,NA,,,,,,,,,,,,,,,,,,,,
Lantana camara,Rajasthan,NA,,,,,,,,,,,,,,,,,,,,
Lasiurus scindicus,Rajasthan,NA,,,,,,,,,,,,,,,,,,,,
Lithocarpus pachyphylla,Rajasthan,NA,,,,,,,,,,,,,,,,,,,,
Litsea glabrata,Rajasthan,NA,,,,,,,,,,,,,,,,,,,,
Lonicera tomentella,Rajasthan,NA,,,,,,,,,,,,,,,,,,,,
Lumnitzera littorea,Rajasthan,NA,,,,,,,,,,,,,,,,,,,,
Lumnitzera racemosa,Rajasthan,NA,,,,,,,,,,,,,,,,,,,,
Mallotus philippensis,Rajasthan,NA,,,,,,,,,,,,,,,,,,,,
Manilkara littoralis,Rajasthan,NA,,,,,,,,,,,,,,,,,,,,
Melia azedarach,Rajasthan,NA,,,,,,,,,,,,,,,,,,,,
Memecylon edule,Rajasthan,NA,,,,,,,,,,,,,,,,,,,,
Mesua ferrea,Rajasthan,NA,,,,,,,,,,,,,,,,,,,,
Mimosa hamata,Rajasthan,NA,,,,,,,,,,,,,,,,,,,,
Mimosa hamata,Rajasthan,NA,,,,,,,,,,,,,,,,,,,,
Myristica andamanica,Rajasthan,NA,,,,,,,,,,,,,,,,,,,,
Myristica dactyloides,Rajasthan,NA,,,,,,,,,,,,,,,,,,,,
Myristica longifolia,Rajasthan,NA,,,,,,,,,,,,,,,,,,,,
Olea dioica,Rajasthan,NA,,,,,,,,,,,,,,,,,,,,
Pandanus tectorius,Rajasthan,NA,,,,,,,,,,,,,,,,,,,,
Panicum turgidum,Rajasthan,NA,,,,,,,,,,,,,,,,,,,,
Phleum alpinum,Rajasthan,NA,,,,,,,,,,,,,,,,,,,,
Phoenix humilis,Rajasthan,NA,,,,,,,,,,,,,,,,,,,,
Phoenix paludosa,Rajasthan,NA,,,,,,,,,,,,,,,,,,,,
Phragmites karka,Rajasthan,NA,,,,,,,,,,,,,,,,,,,,
Phyllanthus emblica,Rajasthan,NA,,,,,,,,,,,,,,,,,,,,
Picea smithiana,Rajasthan,NA,,,,,,,,,,,,,,,,,,,,
Pinus insularis,Rajasthan,NA,,,,,,,,,,,,,,,,,,,,
Pinus roxburghii,Rajasthan,NA,,,,,,,,,,,,,,,,,,,,
Pinus roxburghii,Rajasthan,NA,,,,,,,,,,,,,,,,,,,,
Pinus wallichiana,Rajasthan,NA,,,,,,,,,,,,,,,,,,,,
Pinus wallichiana,Rajasthan,NA,,,,,,,,,,,,,,,,,,,,
Pinus wallichiana,Rajasthan,NA,,,,,,,,,,,,,,,,,,,,
Pinus wallichiana,Rajasthan,NA,,,,,,,,,,,,,,,,,,,,
Pinus wallichiana,Rajasthan,NA,,,,,,,,,,,,,,,,,,,,
Poa annua,Rajasthan,NA,,,,,,,,,,,,,,,,,,,,
Pongamia pinnata,Rajasthan,NA,,,,,,,,,,,,,,,,,,,,
Pongamia pinnata,Rajasthan,NA,,,,,,,,,,,,,,,,,,,,
Prosopis cineraria,Rajasthan,NA,,,,,,,,,,,,,,,,,,,,
Prosopis cineraria,Rajasthan,NA,,,,,,,,,,,,,,,,,,,,
Prosopis juliflora,Rajasthan,NA,,,,,,,,,,,,,,,,,,,,
Pterocarpus marsupium,Rajasthan,NA,,,,,,,,,,,,,,,,,,,,
Pterocarpus santalinus,Rajasthan,NA,,,,,,,,,,,,,,,,,,,,
Pterocymbium tinctorium,Rajasthan,NA,,,,,,,,,,,,,,,,,,,,
Quercus dilatata,Rajasthan,NA,,,,,,,,,,,,,,,,,,,,
Quercus lamellosa,Rajasthan,NA,,,,,,,,,,,,,,,,,,,,
Quercus leucotrichophora,Rajasthan,NA,,,,,,,,,,,,,,,,,,,,
Quercus leucotrichophora,Rajasthan,NA,,,,,,,,,,,,,,,,,,,,
Quercus serrata,Rajasthan,NA,,,,,,,,,,,,,,,,,,,,
Rhizophora apiculata,Rajasthan,NA,,,,,,,,,,,,,,,,,,,,
Rhizophora apiculata,Rajasthan,NA,,,,,,,,,,,,,,,,,,,,
Rhizophora apiculata,Rajasthan,NA,,,,,,,,,,,,,,,,,,,,
Rhizophora mucronata,Rajasthan,NA,,,,,,,,,,,,,,,,,,,,
Rhododendron arboreum,Rajasthan,NA,,,,,,,,,,,,,,,,,,,,
Rhododendron arboreum,Rajasthan,NA,,,,,,,,,,,,,,,,,,,,
Rhododendron barbatum,Rajasthan,NA,,,,,,,,,,,,,,,,,,,,
Rhododendron barbatum,Rajasthan,NA,,,,,,,,,,,,,,,,,,,,
Rhododendron campanulatum,Rajasthan,NA,,,,,,,,,,,,,,,,,,,,
Rhododendron grande,Rajasthan,NA,,,,,,,,,,,,,,,,,,,,
Schima wallichii,Rajasthan,NA,,,,,,,,,,,,,,,,,,,,
Setaria viridis,Rajasthan,NA,,,,,,,,,,,,,,,,,,,,
Shorea assamica,Rajasthan,NA,,,,,,,,,,,,,,,,,,,,
Shorea robusta,Rajasthan,NA,,,,,,,,,,,,,,,,,,,,
Streblus asper,Rajasthan,NA,,,,,,,,,,,,,,,,,,,,
Streblus asper,Rajasthan,NA,,,,,,,,,,,,,,,,,,,,
Symplocos glomerata,Rajasthan,NA,,,,,,,,,,,,,,,,,,,,
Syzygium cumini,Rajasthan,NA,,,,,,,,,,,,,,,,,,,,
Syzygium cumini,Rajasthan,NA,,,,,,,,,,,,,,,,,,,,
Syzygium cumini,Rajasthan,NA,,,,,,,,,,,,,,,,,,,,
Syzygium cumini,Rajasthan,NA,,,,,,,,,,,,,,,,,,,,
Syzygium cumini,Rajasthan,NA,,,,,,,,,,,,,,,,,,,,
Syzygium nervosum,Rajasthan,NA,,,,,,,,,,,,,,,,,,,,
Tecomella undulata,Rajasthan,NA,,,,,,,,,,,,,,,,,,,,
Terminalia alata,Rajasthan,NA,,,,,,,,,,,,,,,,,,,,
Terminalia alata,Rajasthan,NA,,,,,,,,,,,,,,,,,,,,
Terminalia alata,Rajasthan,NA,,,,,,,,,,,,,,,,,,,,
Terminalia alata,Rajasthan,NA,,,,,,,,,,,,,,,,,,,,
Terminalia alata,Rajasthan,NA,,,,,,,,,,,,,,,,,,,,
Terminalia alata,Rajasthan,NA,,,,,,,,,,,,,,,,,,,,
Terminalia alata,Rajasthan,NA,,,,,,,,,,,,,,,,,,,,
Terminalia alata,Rajasthan,NA,,,,,,,,,,,,,,,,,,,,
Terminalia alata,Rajasthan,NA,,,,,,,,,,,,,,,,,,,,
Terminalia arjuna,Rajasthan,NA,,,,,,,,,,,,,,,,,,,,
Terminalia bellirica,Rajasthan,NA,,,,,,,,,,,,,,,,,,,,
Trema orientalis,Rajasthan,NA,,,,,,,,,,,,,,,,,,,,
Turpinia malabarica,Rajasthan,NA,,,,,,,,,,,,,,,,,,,,
Vernonia cinerea,Rajasthan,NA,,,,,,,,,,,,,,,,,,,,
Vetiveria zizanoides,Rajasthan,NA,,,,,,,,,,,,,,,,,,,,
Xylocarpus granatum,Rajasthan,NA,,,,,,,,,,,,,,,,,,,,
Ziziphus nummularia,Rajasthan,NA,,,,,,,,,,,,,,,,,,,,
Ziziphus xylopyrus,Rajasthan,NA,,,,,,,,,,,,,,,,,,,,
Ziziphus xylopyrus,Rajasthan,NA,,,,,,,,,,,,,,,,,,,,
Acacia nilotica,Rajasthan,Thar Desert,,,,,,,,,,,,,,,,,,,,
Aeluropus lagopoides,Rajasthan,Thar Desert,,,,,,,,,,,,,,,,,,,,
Aerva spp.,Rajasthan,Thar Desert,,,,,,,,,,,,,,,,,,,,
Aristida adscensionis,Rajasthan,Thar Desert,,,,,,,,,,,,,,,,,,,,
Calligonum polygonoides,Rajasthan,Thar Desert,,,,,,,,,,,,,,,,,,,,
Calotropis spp.,Rajasthan,Thar Desert,,,,,,,,,,,,,,,,,,,,
Capparis decidua,Rajasthan,Thar Desert,,,,,,,,,,,,,,,,,,,,
Cenchrus biflorus,Rajasthan,Thar Desert,,,,,,,,,,,,,,,,,,,,
Crotalaria spp.,Rajasthan,Thar Desert,,,,,,,,,,,,,,,,,,,,
Cympogon spp.,Rajasthan,Thar Desert,,,,,,,,,,,,,,,,,,,,
Cyperus spp.,Rajasthan,Thar Desert,,,,,,,,,,,,,,,,,,,,
Eleusine spp.,Rajasthan,Thar Desert,,,,,,,,,,,,,,,,,,,,
Eragrostis spp.,Rajasthan,Thar Desert,,,,,,,,,,,,,,,,,,,,
Haloxylon recurvum,Rajasthan,Thar Desert,,,,,,,,,,,,,,,,,,,,
Haloxylon salicornicum,Rajasthan,Thar Desert,,,,,,,,,,,,,,,,,,,,
Lasiurus scindicus,Rajasthan,Thar Desert,,,,,,,,,,,,,,,,,,,,
Panicum spp.,Rajasthan,Thar Desert,,,,,,,,,,,,,,,,,,,,
Prosopis cineraria,Rajasthan,Thar Desert,,,,,,,,,,,,,,,,,,,,
Prosopis juliflora,Rajasthan,Thar Desert,,,,,,,,,,,,,,,,,,,,
Prosopis juliflora,Rajasthan,Thar Desert,,,,,,,,,,,,,,,,,,,,
Sporobolus spp.,Rajasthan,Thar Desert,,,,,,,,,,,,,,,,,,,,
Tamrix aphylla,Rajasthan,Thar Desert,,,,,,,,,,,,,,,,,,,,
Zizyphus mauritiana,Rajasthan,Thar Desert,,,,,,,,,,,,,,,,,,,,
Adina cordifolia,Rajasthan,Upper Gangetic Plains Moist Deciduous Forests,,,,,,,,,,,,,,,,,,,,
Dillenia pentagyna,Rajasthan,Upper Gangetic Plains Moist Deciduous Forests,,,,,,,,,,,,,,,,,,,,
Ficus spp.,Rajasthan,Upper Gangetic Plains Moist Deciduous Forests,,,,,,,,,,,,,,,,,,,,
Lagerstroemia parviflora,Rajasthan,Upper Gangetic Plains Moist Deciduous Forests,,,,,,,,,,,,,,,,,,,,
Lagerstroemia parviflora,Rajasthan,Upper Gangetic Plains Moist Deciduous Forests,,,,,,,,,,,,,,,,,,,,
Lagerstroemia parviflora,Rajasthan,Upper Gangetic Plains Moist Deciduous Forests,,,,,,,,,,,,,,,,,,,,
Lagerstroemia parviflora,Rajasthan,Upper Gangetic Plains Moist Deciduous Forests,,,,,,,,,,,,,,,,,,,,
Lagerstroemia parviflora,Rajasthan,Upper Gangetic Plains Moist Deciduous Forests,,,,,,,,,,,,,,,,,,,,
Saccharum benghalense,Rajasthan,Upper Gangetic Plains Moist Deciduous Forests,,,,,,,,,,,,,,,,,,,,
Saccharum narenga,Rajasthan,Upper Gangetic Plains Moist Deciduous Forests,,,,,,,,,,,,,,,,,,,,
Saccharum spontaneum,Rajasthan,Upper Gangetic Plains Moist Deciduous Forests,,,,,,,,,,,,,,,,,,,,
Shorea robusta,Rajasthan,Upper Gangetic Plains Moist Deciduous Forests,,,,,,,,,,,,,,,,,,,,
Shorea robusta,Rajasthan,Upper Gangetic Plains Moist Deciduous Forests,,,,,,,,,,,,,,,,,,,,
Shorea robusta,Rajasthan,Upper Gangetic Plains Moist Deciduous Forests,,,,,,,,,,,,,,,,,,,,
Stereospermum suaveolens,Rajasthan,Upper Gangetic Plains Moist Deciduous Forests,,,,,,,,,,,,,,,,,,,,
Terminalia belerica,Rajasthan,Upper Gangetic Plains Moist Deciduous Forests,,,,,,,,,,,,,,,,,,,,
Terminalia tomentosa,Rajasthan,Upper Gangetic Plains Moist Deciduous Forests,,,,,,,,,,,,,,,,,,,,
Vetiveria zizanioides,Rajasthan,Upper Gangetic Plains Moist Deciduous Forests,,,,,,,,,,,,,,,,,,,,
Aristida setacea,Tamil Nadu,Deccan Thorn Scrub Forests,,,,,,,,,,,,,,,,,,,,
Azadirachta indica,Tamil Nadu,Deccan Thorn Scrub Forests,,,,,,,,,,,,,,,,,,,,
Balanites roxburghii,Tamil Nadu,Deccan Thorn Scrub Forests,,,,,,,,,,,,,,,,,,,,
Capparis spp.,Tamil Nadu,Deccan Thorn Scrub Forests,,,,,,,,,,,,,,,,,,,,
Carrisa carandas,Tamil Nadu,Deccan Thorn Scrub Forests,,,,,,,,,,,,,,,,,,,,
Cassia fistula,Tamil Nadu,Deccan Thorn Scrub Forests,,,,,,,,,,,,,,,,,,,,
Chrysopogon fulvus,Tamil Nadu,Deccan Thorn Scrub Forests,,,,,,,,,,,,,,,,,,,,
Cordia myxa,Tamil Nadu,Deccan Thorn Scrub Forests,,,,,,,,,,,,,,,,,,,,
Cycas beddomei,Tamil Nadu,Deccan Thorn Scrub Forests,,,,,,,,,,,,,,,,,,,,
Dactyloctenium spp.,Tamil Nadu,Deccan Thorn Scrub Forests,,,,,,,,,,,,,,,,,,,,
Diospyros chloroxylon,Tamil Nadu,Deccan Thorn Scrub Forests,,,,,,,,,,,,,,,,,,,,
Eremopogon foveolatus,Tamil Nadu,Deccan Thorn Scrub Forests,,,,,,,,,,,,,,,,,,,,
Heteropogon contortus,Tamil Nadu,Deccan Thorn Scrub Forests,,,,,,,,,,,,,,,,,,,,
Phoenix sylvestris,Tamil Nadu,Deccan Thorn Scrub Forests,,,,,,,,,,,,,,,,,,,,
Prosopis spp.,Tamil Nadu,Deccan Thorn Scrub Forests,,,,,,,,,,,,,,,,,,,,
Psilotum nudum,Tamil Nadu,Deccan Thorn Scrub Forests,,,,,,,,,,,,,,,,,,,,
Pterocarpus santalinus,Tamil Nadu,Deccan Thorn Scrub Forests,,,,,,,,,,,,,,,,,,,,
Carissa spinarum,Tamil Nadu,East Deccan Dry Evergreen Forests,,,,,,,,,,,,,,,,,,,,
Dicrostachys cinerea,Tamil Nadu,East Deccan Dry Evergreen Forests,,,,,,,,,,,,,,,,,,,,
Diospyros ebernum,Tamil Nadu,East Deccan Dry Evergreen Forests,,,,,,,,,,,,,,,,,,,,
Drypetes sepiaria,Tamil Nadu,East Deccan Dry Evergreen Forests,,,,,,,,,,,,,,,,,,,,
Eugenia spp.,Tamil Nadu,East Deccan Dry Evergreen Forests,,,,,,,,,,,,,,,,,,,,
Flacourtia indica,Tamil Nadu,East Deccan Dry Evergreen Forests,,,,,,,,,,,,,,,,,,,,
Manilkara hexandra,Tamil Nadu,East Deccan Dry Evergreen Forests,,,,,,,,,,,,,,,,,,,,
Mimusops elengi,Tamil Nadu,East Deccan Dry Evergreen Forests,,,,,,,,,,,,,,,,,,,,
Randia dumetorum,Tamil Nadu,East Deccan Dry Evergreen Forests,,,,,,,,,,,,,,,,,,,,
Strychnos nux-vomica,Tamil Nadu,East Deccan Dry Evergreen Forests,,,,,,,,,,,,,,,,,,,,
Zyzyphus glabarrima,Tamil Nadu,East Deccan Dry Evergreen Forests,,,,,,,,,,,,,,,,,,,,
Avicennia marina,Tamil Nadu,Godavari Krishna Mangroves,,,,,,,,,,,,,,,,,,,,
Bruguiera spp.,Tamil Nadu,Godavari Krishna Mangroves,,,,,,,,,,,,,,,,,,,,
Rhizophora spp.,Tamil Nadu,Godavari Krishna Mangroves,,,,,,,,,,,,,,,,,,,,
Suaeda spp.,Tamil Nadu,Godavari Krishna Mangroves,,,,,,,,,,,,,,,,,,,,
Actinodaphne angustifolia,Tamil Nadu,Malabar Coast Moist Forests,,,,,,,,,,,,,,,,,,,,
Anogeissus latifolia,Tamil Nadu,Malabar Coast Moist Forests,,,,,,,,,,,,,,,,,,,,
Anogeissus latifolia,Tamil Nadu,Malabar Coast Moist Forests,,,,,,,,,,,,,,,,,,,,
Bauhinia racemosa,Tamil Nadu,Malabar Coast Moist Forests,,,,,,,,,,,,,,,,,,,,
Bridelia retusa,Tamil Nadu,Malabar Coast Moist Forests,,,,,,,,,,,,,,,,,,,,
Butea monosperma,Tamil Nadu,Malabar Coast Moist Forests,,,,,,,,,,,,,,,,,,,,
Carissa congesta,Tamil Nadu,Malabar Coast Moist Forests,,,,,,,,,,,,,,,,,,,,
Dalbergia latifolia,Tamil Nadu,Malabar Coast Moist Forests,,,,,,,,,,,,,,,,,,,,
Dillenia pentagyna,Tamil Nadu,Malabar Coast Moist Forests,,,,,,,,,,,,,,,,,,,,
Dysoxylum binectariferum,Tamil Nadu,Malabar Coast Moist Forests,,,,,,,,,,,,,,,,,,,,
Erythrina variegata,Tamil Nadu,Malabar Coast Moist Forests,,,,,,,,,,,,,,,,,,,,
Ficus glomerata,Tamil Nadu,Malabar Coast Moist Forests,,,,,,,,,,,,,,,,,,,,
Ficus nervosa,Tamil Nadu,Malabar Coast Moist Forests,,,,,,,,,,,,,,,,,,,,
Flacourtia spp.,Tamil Nadu,Malabar Coast Moist Forests,,,,,,,,,,,,,,,,,,,,
Garuga pinnata,Tamil Nadu,Malabar Coast Moist Forests,,,,,,,,,,,,,,,,,,,,
Lagerstroemia microcarpa,Tamil Nadu,Malabar Coast Moist Forests,,,,,,,,,,,,,,,,,,,,
Lannea coromandelica,Tamil Nadu,Malabar Coast Moist Forests,,,,,,,,,,,,,,,,,,,,
Lannea coromandelica,Tamil Nadu,Malabar Coast Moist Forests,,,,,,,,,,,,,,,,,,,,
Madhuca indica,Tamil Nadu,Malabar Coast Moist Forests,,,,,,,,,,,,,,,,,,,,
Mangifera spp.,Tamil Nadu,Malabar Coast Moist Forests,,,,,,,,,,,,,,,,,,,,
Meyna laxiflora,Tamil Nadu,Malabar Coast Moist Forests,,,,,,,,,,,,,,,,,,,,
Myristica spp.,Tamil Nadu,Malabar Coast Moist Forests,,,,,,,,,,,,,,,,,,,,
Olea dioica,Tamil Nadu,Malabar Coast Moist Forests,,,,,,,,,,,,,,,,,,,,
Pouteria tomentosa,Tamil Nadu,Malabar Coast Moist Forests,,,,,,,,,,,,,,,,,,,,
Pterocarpus marsupium,Tamil Nadu,Malabar Coast Moist Forests,,,,,,,,,,,,,,,,,,,,
Salmalia malabarica,Tamil Nadu,Malabar Coast Moist Forests,,,,,,,,,,,,,,,,,,,,
Stereospermum personatum,Tamil Nadu,Malabar Coast Moist Forests,,,,,,,,,,,,,,,,,,,,
Syzygium cumini,Tamil Nadu,Malabar Coast Moist Forests,,,,,,,,,,,,,,,,,,,,
Tectona grandis,Tamil Nadu,Malabar Coast Moist Forests,,,,,,,,,,,,,,,,,,,,
Terminalia bellerica,Tamil Nadu,Malabar Coast Moist Forests,,,,,,,,,,,,,,,,,,,,
Terminalia tomentosa,Tamil Nadu,Malabar Coast Moist Forests,,,,,,,,,,,,,,,,,,,,
Tetrameles nudiflora,Tamil Nadu,Malabar Coast Moist Forests,,,,,,,,,,,,,,,,,,,,
Woodfordia fruticosa,Tamil Nadu,Malabar Coast Moist Forests,,,,,,,,,,,,,,,,,,,,
Wrightia tinctoria,Tamil Nadu,Malabar Coast Moist Forests,,,,,,,,,,,,,,,,,,,,
Zizyphus rugosa,Tamil Nadu,Malabar Coast Moist Forests,,,,,,,,,,,,,,,,,,,,
Acacia leucophloea,Tamil Nadu,NA,,,,,,,,,,,,,,,,,,,,
Acacia senegal,Tamil Nadu,NA,,,,,,,,,,,,,,,,,,,,
Acacia senegal,Tamil Nadu,NA,,,,,,,,,,,,,,,,,,,,
Ailanthus excelsa,Tamil Nadu,NA,,,,,,,,,,,,,,,,,,,,
Albizia amara,Tamil Nadu,NA,,,,,,,,,,,,,,,,,,,,
Albizia amara,Tamil Nadu,NA,,,,,,,,,,,,,,,,,,,,
Anogeissus latifolia,Tamil Nadu,NA,,,,,,,,,,,,,,,,,,,,
Anogeissus pendula,Tamil Nadu,NA,,,,,,,,,,,,,,,,,,,,
Atalantia monophylla,Tamil Nadu,NA,,,,,,,,,,,,,,,,,,,,
Avicennia marina,Tamil Nadu,NA,,,,,,,,,,,,,,,,,,,,
Buchanania lanzan,Tamil Nadu,NA,,,,,,,,,,,,,,,,,,,,
Butea monosperma,Tamil Nadu,NA,,,,,,,,,,,,,,,,,,,,
Canthium parviflorum,Tamil Nadu,NA,,,,,,,,,,,,,,,,,,,,
Catunaregam spinosa,Tamil Nadu,NA,,,,,,,,,,,,,,,,,,,,
Chrysopogon aciculatus,Tamil Nadu,NA,,,,,,,,,,,,,,,,,,,,
Cleistanthus collinus,Tamil Nadu,NA,,,,,,,,,,,,,,,,,,,,
Dendrocalamus strictus,Tamil Nadu,NA,,,,,,,,,,,,,,,,,,,,
Dendrocalamus strictus,Tamil Nadu,NA,,,,,,,,,,,,,,,,,,,,
Diospyros ebenum,Tamil Nadu,NA,,,,,,,,,,,,,,,,,,,,
Diospyros melanoxylon,Tamil Nadu,NA,,,,,,,,,,,,,,,,,,,,
Diospyros melanoxylon,Tamil Nadu,NA,,,,,,,,,,,,,,,,,,,,
Diospyros melanoxylon,Tamil Nadu,NA,,,,,,,,,,,,,,,,,,,,
Diospyros melanoxylon,Tamil Nadu,NA,,,,,,,,,,,,,,,,,,,,
Diospyros melanoxylon,Tamil Nadu,NA,,,,,,,,,,,,,,,,,,,,
Diospyros melanoxylon,Tamil Nadu,NA,,,,,,,,,,,,,,,,,,,,
Eragrostis tenella,Tamil Nadu,NA,,,,,,,,,,,,,,,,,,,,
Excoecaria agallocha,Tamil Nadu,NA,,,,,,,,,,,,,,,,,,,,
Gyrocarpus americanus,Tamil Nadu,NA,,,,,,,,,,,,,,,,,,,,
Heteropogon contortus,Tamil Nadu,NA,,,,,,,,,,,,,,,,,,,,
Holigarna grahamii,Tamil Nadu,NA,,,,,,,,,,,,,,,,,,,,
Knema attenuata,Tamil Nadu,NA,,,,,,,,,,,,,,,,,,,,
Lagerstroemia parviflora,Tamil Nadu,NA,,,,,,,,,,,,,,,,,,,,
Lagerstroemia parviflora,Tamil Nadu,NA,,,,,,,,,,,,,,,,,,,,
Lagerstroemia parviflora,Tamil Nadu,NA,,,,,,,,,,,,,,,,,,,,
Litsea glabrata,Tamil Nadu,NA,,,,,,,,,,,,,,,,,,,,
Melia dubia,Tamil Nadu,NA,,,,,,,,,,,,,,,,,,,,
Memecylon edule,Tamil Nadu,NA,,,,,,,,,,,,,,,,,,,,
Mimosa hamata,Tamil Nadu,NA,,,,,,,,,,,,,,,,,,,,
Myristica dactyloides,Tamil Nadu,NA,,,,,,,,,,,,,,,,,,,,
Olea dioica,Tamil Nadu,NA,,,,,,,,,,,,,,,,,,,,
Phyllanthus emblica,Tamil Nadu,NA,,,,,,,,,,,,,,,,,,,,
Prosopis juliflora,Tamil Nadu,NA,,,,,,,,,,,,,,,,,,,,
Rhizophora apiculata,Tamil Nadu,NA,,,,,,,,,,,,,,,,,,,,
Santalum album,Tamil Nadu,NA,,,,,,,,,,,,,,,,,,,,
Shorea robusta,Tamil Nadu,NA,,,,,,,,,,,,,,,,,,,,
Streblus asper,Tamil Nadu,NA,,,,,,,,,,,,,,,,,,,,
Syzygium cumini,Tamil Nadu,NA,,,,,,,,,,,,,,,,,,,,
Tectona grandis,Tamil Nadu,NA,,,,,,,,,,,,,,,,,,,,
Terminalia alata,Tamil Nadu,NA,,,,,,,,,,,,,,,,,,,,
Terminalia alata,Tamil Nadu,NA,,,,,,,,,,,,,,,,,,,,
Terminalia alata,Tamil Nadu,NA,,,,,,,,,,,,,,,,,,,,
Terminalia alata,Tamil Nadu,NA,,,,,,,,,,,,,,,,,,,,
Terminalia alata,Tamil Nadu,NA,,,,,,,,,,,,,,,,,,,,
Terminalia arjuna,Tamil Nadu,NA,,,,,,,,,,,,,,,,,,,,
Terminalia bellirica,Tamil Nadu,NA,,,,,,,,,,,,,,,,,,,,
Trema orientalis,Tamil Nadu,NA,,,,,,,,,,,,,,,,,,,,
Turpinia malabarica,Tamil Nadu,NA,,,,,,,,,,,,,,,,,,,,
Acacia catechu,Tamil Nadu,South Deccan Plateau Dry Deciduous Forests,,,,,,,,,,,,,,,,,,,,
Albizia amara,Tamil Nadu,South Deccan Plateau Dry Deciduous Forests,,,,,,,,,,,,,,,,,,,,
Anogeissus latifolia,Tamil Nadu,South Deccan Plateau Dry Deciduous Forests,,,,,,,,,,,,,,,,,,,,
Anogeissus latifolia,Tamil Nadu,South Deccan Plateau Dry Deciduous Forests,,,,,,,,,,,,,,,,,,,,
Boswellia serrata,Tamil Nadu,South Deccan Plateau Dry Deciduous Forests,,,,,,,,,,,,,,,,,,,,
Cassia fistula,Tamil Nadu,South Deccan Plateau Dry Deciduous Forests,,,,,,,,,,,,,,,,,,,,
Chloroxylon swietenia,Tamil Nadu,South Deccan Plateau Dry Deciduous Forests,,,,,,,,,,,,,,,,,,,,
Dalbergia latifolia,Tamil Nadu,South Deccan Plateau Dry Deciduous Forests,,,,,,,,,,,,,,,,,,,,
Diospyros montana,Tamil Nadu,South Deccan Plateau Dry Deciduous Forests,,,,,,,,,,,,,,,,,,,,
Hardwickia binata,Tamil Nadu,South Deccan Plateau Dry Deciduous Forests,,,,,,,,,,,,,,,,,,,,
Pterocarpus marsupium,Tamil Nadu,South Deccan Plateau Dry Deciduous Forests,,,,,,,,,,,,,,,,,,,,
Santalum album,Tamil Nadu,South Deccan Plateau Dry Deciduous Forests,,,,,,,,,,,,,,,,,,,,
Shorea talura,Tamil Nadu,South Deccan Plateau Dry Deciduous Forests,,,,,,,,,,,,,,,,,,,,
Sterospermum personatum,Tamil Nadu,South Deccan Plateau Dry Deciduous Forests,,,,,,,,,,,,,,,,,,,,
Terminalia belirica,Tamil Nadu,South Deccan Plateau Dry Deciduous Forests,,,,,,,,,,,,,,,,,,,,
Terminalia paniculata,Tamil Nadu,South Deccan Plateau Dry Deciduous Forests,,,,,,,,,,,,,,,,,,,,
Terminalia tomentosa,Tamil Nadu,South Deccan Plateau Dry Deciduous Forests,,,,,,,,,,,,,,,,,,,,
Adina cordifolia,Tamil Nadu,South Western Ghats Moist Deciduous Forests,,,,,,,,,,,,,,,,,,,,
Albizia odoratissima,Tamil Nadu,South Western Ghats Moist Deciduous Forests,,,,,,,,,,,,,,,,,,,,
Albizia procera,Tamil Nadu,South Western Ghats Moist Deciduous Forests,,,,,,,,,,,,,,,,,,,,
Alstonia scholaris,Tamil Nadu,South Western Ghats Moist Deciduous Forests,,,,,,,,,,,,,,,,,,,,
Bombax ceiba,Tamil Nadu,South Western Ghats Moist Deciduous Forests,,,,,,,,,,,,,,,,,,,,
Dalbergia latifolia,Tamil Nadu,South Western Ghats Moist Deciduous Forests,,,,,,,,,,,,,,,,,,,,
Grewia tiliaefolia,Tamil Nadu,South Western Ghats Moist Deciduous Forests,,,,,,,,,,,,,,,,,,,,
Holoptelea integrifolia,Tamil Nadu,South Western Ghats Moist Deciduous Forests,,,,,,,,,,,,,,,,,,,,
Hymenodictyon excelsum,Tamil Nadu,South Western Ghats Moist Deciduous Forests,,,,,,,,,,,,,,,,,,,,
Lagerstroemia lanceolata,Tamil Nadu,South Western Ghats Moist Deciduous Forests,,,,,,,,,,,,,,,,,,,,
Lagerstroemia speciosa,Tamil Nadu,South Western Ghats Moist Deciduous Forests,,,,,,,,,,,,,,,,,,,,
Lannea coromandelica,Tamil Nadu,South Western Ghats Moist Deciduous Forests,,,,,,,,,,,,,,,,,,,,
Lannea coromandelica,Tamil Nadu,South Western Ghats Moist Deciduous Forests,,,,,,,,,,,,,,,,,,,,
Machilus macrantha,Tamil Nadu,South Western Ghats Moist Deciduous Forests,,,,,,,,,,,,,,,,,,,,
Miliusa velutina,Tamil Nadu,South Western Ghats Moist Deciduous Forests,,,,,,,,,,,,,,,,,,,,
Pterocarpus marsupium,Tamil Nadu,South Western Ghats Moist Deciduous Forests,,,,,,,,,,,,,,,,,,,,
Radermachera xylocarpa,Tamil Nadu,South Western Ghats Moist Deciduous Forests,,,,,,,,,,,,,,,,,,,,
Schleichera oleosa,Tamil Nadu,South Western Ghats Moist Deciduous Forests,,,,,,,,,,,,,,,,,,,,
Spondias pinnata,Tamil Nadu,South Western Ghats Moist Deciduous Forests,,,,,,,,,,,,,,,,,,,,
Tectona grandis,Tamil Nadu,South Western Ghats Moist Deciduous Forests,,,,,,,,,,,,,,,,,,,,
Terminalia bellerica,Tamil Nadu,South Western Ghats Moist Deciduous Forests,,,,,,,,,,,,,,,,,,,,
Terminalia paniculata,Tamil Nadu,South Western Ghats Moist Deciduous Forests,,,,,,,,,,,,,,,,,,,,
Terminalia tomentosa,Tamil Nadu,South Western Ghats Moist Deciduous Forests,,,,,,,,,,,,,,,,,,,,
Toona ciliata,Tamil Nadu,South Western Ghats Moist Deciduous Forests,,,,,,,,,,,,,,,,,,,,
Vitex altissima,Tamil Nadu,South Western Ghats Moist Deciduous Forests,,,,,,,,,,,,,,,,,,,,
Xylia xylocarpa,Tamil Nadu,South Western Ghats Moist Deciduous Forests,,,,,,,,,,,,,,,,,,,,
Actinodaphne bourdellonii,Tamil Nadu,South Western Ghats Montane Rain Forests,,,,,,,,,,,,,,,,,,,,
Arundinella ciliata,Tamil Nadu,South Western Ghats Montane Rain Forests,,,,,,,,,,,,,,,,,,,,
Arundinella mesophylla,Tamil Nadu,South Western Ghats Montane Rain Forests,,,,,,,,,,,,,,,,,,,,
Arundinella tuberculata,Tamil Nadu,South Western Ghats Montane Rain Forests,,,,,,,,,,,,,,,,,,,,
Calophyllum austroindicum,Tamil Nadu,South Western Ghats Montane Rain Forests,,,,,,,,,,,,,,,,,,,,
Chrysopogon zeylanicus,Tamil Nadu,South Western Ghats Montane Rain Forests,,,,,,,,,,,,,,,,,,,,
Cullenia exarillata,Tamil Nadu,South Western Ghats Montane Rain Forests,,,,,,,,,,,,,,,,,,,,
Cymbopogon flexuosus,Tamil Nadu,South Western Ghats Montane Rain Forests,,,,,,,,,,,,,,,,,,,,
Diospyros barberi,Tamil Nadu,South Western Ghats Montane Rain Forests,,,,,,,,,,,,,,,,,,,,
Eleocarpus recurvatus,Tamil Nadu,South Western Ghats Montane Rain Forests,,,,,,,,,,,,,,,,,,,,
Garcinia rubro-echinata,Tamil Nadu,South Western Ghats Montane Rain Forests,,,,,,,,,,,,,,,,,,,,
Garcinia travancorica,Tamil Nadu,South Western Ghats Montane Rain Forests,,,,,,,,,,,,,,,,,,,,
Gluta travancorica,Tamil Nadu,South Western Ghats Montane Rain Forests,,,,,,,,,,,,,,,,,,,,
Goniothalamus rhyncantherus,Tamil Nadu,South Western Ghats Montane Rain Forests,,,,,,,,,,,,,,,,,,,,
Ilex denticulata,Tamil Nadu,South Western Ghats Montane Rain Forests,,,,,,,,,,,,,,,,,,,,
Ilex wightiana,Tamil Nadu,South Western Ghats Montane Rain Forests,,,,,,,,,,,,,,,,,,,,
Lasianthus spp.,Tamil Nadu,South Western Ghats Montane Rain Forests,,,,,,,,,,,,,,,,,,,,
Linnociera ramiflora,Tamil Nadu,South Western Ghats Montane Rain Forests,,,,,,,,,,,,,,,,,,,,
Litsea wightiana,Tamil Nadu,South Western Ghats Montane Rain Forests,,,,,,,,,,,,,,,,,,,,
Mahonia nepalensis,Tamil Nadu,South Western Ghats Montane Rain Forests,,,,,,,,,,,,,,,,,,,,
Memecylon gracile,Tamil Nadu,South Western Ghats Montane Rain Forests,,,,,,,,,,,,,,,,,,,,
Memecylon subramanii,Tamil Nadu,South Western Ghats Montane Rain Forests,,,,,,,,,,,,,,,,,,,,
Mesua ferrea,Tamil Nadu,South Western Ghats Montane Rain Forests,,,,,,,,,,,,,,,,,,,,
Michaelia nilagirica,Tamil Nadu,South Western Ghats Montane Rain Forests,,,,,,,,,,,,,,,,,,,,
Microtropis spp.,Tamil Nadu,South Western Ghats Montane Rain Forests,,,,,,,,,,,,,,,,,,,,
Palaquium ellipticum,Tamil Nadu,South Western Ghats Montane Rain Forests,,,,,,,,,,,,,,,,,,,,
Podocarpus wallichiana,Tamil Nadu,South Western Ghats Montane Rain Forests,,,,,,,,,,,,,,,,,,,,
Psychotria sp.,Tamil Nadu,South Western Ghats Montane Rain Forests,,,,,,,,,,,,,,,,,,,,
Pygeum gardneri,Tamil Nadu,South Western Ghats Montane Rain Forests,,,,,,,,,,,,,,,,,,,,
Rapanaea wightiana,Tamil Nadu,South Western Ghats Montane Rain Forests,,,,,,,,,,,,,,,,,,,,
Rhododenron nilgiricum,Tamil Nadu,South Western Ghats Montane Rain Forests,,,,,,,,,,,,,,,,,,,,
Schefflera racemosa,Tamil Nadu,South Western Ghats Montane Rain Forests,,,,,,,,,,,,,,,,,,,,
Sehima nervosum,Tamil Nadu,South Western Ghats Montane Rain Forests,,,,,,,,,,,,,,,,,,,,
Strobilanthes sp.,Tamil Nadu,South Western Ghats Montane Rain Forests,,,,,,,,,,,,,,,,,,,,
Symplocos spp.,Tamil Nadu,South Western Ghats Montane Rain Forests,,,,,,,,,,,,,,,,,,,,
Syzigium spp.,Tamil Nadu,South Western Ghats Montane Rain Forests,,,,,,,,,,,,,,,,,,,,
Ternstroemia gymnanthera,Tamil Nadu,South Western Ghats Montane Rain Forests,,,,,,,,,,,,,,,,,,,,
Themeda tremula,Tamil Nadu,South Western Ghats Montane Rain Forests,,,,,,,,,,,,,,,,,,,,
Vernonia travancorica,Tamil Nadu,South Western Ghats Montane Rain Forests,,,,,,,,,,,,,,,,,,,,
Butea monosperma,Uttar Pradesh,Chota Nagpur Dry Deciduous Forests,,,,,,,,,,,,,,,,,,,,
Butea monosperma,Uttar Pradesh,Chota Nagpur Dry Deciduous Forests,,,,,,,,,,,,,,,,,,,,
Butea monosperma,Uttar Pradesh,Chota Nagpur Dry Deciduous Forests,,,,,,,,,,,,,,,,,,,,
Butea monosperma,Uttar Pradesh,Chota Nagpur Dry Deciduous Forests,,,,,,,,,,,,,,,,,,,,
Butea monosperma,Uttar Pradesh,Chota Nagpur Dry Deciduous Forests,,,,,,,,,,,,,,,,,,,,
Dodonaea sp.,Uttar Pradesh,Chota Nagpur Dry Deciduous Forests,,,,,,,,,,,,,,,,,,,,
Holarrhena sp.,Uttar Pradesh,Chota Nagpur Dry Deciduous Forests,,,,,,,,,,,,,,,,,,,,
Madhuca longifolia,Uttar Pradesh,Chota Nagpur Dry Deciduous Forests,,,,,,,,,,,,,,,,,,,,
Albizia spp.,Uttar Pradesh,Himalayan Subtropical Broadleaved Forests,,,,,,,,,,,,,,,,,,,,
Anogeissus latifolia,Uttar Pradesh,Himalayan Subtropical Broadleaved Forests,,,,,,,,,,,,,,,,,,,,
Anogeissus latifolia,Uttar Pradesh,Himalayan Subtropical Broadleaved Forests,,,,,,,,,,,,,,,,,,,,
Anogeissus latifolia,Uttar Pradesh,Himalayan Subtropical Broadleaved Forests,,,,,,,,,,,,,,,,,,,,
Anogeissus latifolia,Uttar Pradesh,Himalayan Subtropical Broadleaved Forests,,,,,,,,,,,,,,,,,,,,
Anogeissus spp.,Uttar Pradesh,Himalayan Subtropical Broadleaved Forests,,,,,,,,,,,,,,,,,,,,
Bauhinia restusa,Uttar Pradesh,Himalayan Subtropical Broadleaved Forests,,,,,,,,,,,,,,,,,,,,
Bauhinia variegata,Uttar Pradesh,Himalayan Subtropical Broadleaved Forests,,,,,,,,,,,,,,,,,,,,
Betula spp.,Uttar Pradesh,Himalayan Subtropical Broadleaved Forests,,,,,,,,,,,,,,,,,,,,
C. Indica,Uttar Pradesh,Himalayan Subtropical Broadleaved Forests,,,,,,,,,,,,,,,,,,,,
Calamus lalifolius,Uttar Pradesh,Himalayan Subtropical Broadleaved Forests,,,,,,,,,,,,,,,,,,,,
Calamus leptospadix,Uttar Pradesh,Himalayan Subtropical Broadleaved Forests,,,,,,,,,,,,,,,,,,,,
Castanopsis tribuloides,Uttar Pradesh,Himalayan Subtropical Broadleaved Forests,,,,,,,,,,,,,,,,,,,,
Cyathea spinulosa (tree ferns),Uttar Pradesh,Himalayan Subtropical Broadleaved Forests,,,,,,,,,,,,,,,,,,,,
Cycas pectinata,Uttar Pradesh,Himalayan Subtropical Broadleaved Forests,,,,,,,,,,,,,,,,,,,,
Engelhardtia spicata,Uttar Pradesh,Himalayan Subtropical Broadleaved Forests,,,,,,,,,,,,,,,,,,,,
Engelhardtia spicata,Uttar Pradesh,Himalayan Subtropical Broadleaved Forests,,,,,,,,,,,,,,,,,,,,
Erythrina spp.,Uttar Pradesh,Himalayan Subtropical Broadleaved Forests,,,,,,,,,,,,,,,,,,,,
Gnetum montanus,Uttar Pradesh,Himalayan Subtropical Broadleaved Forests,,,,,,,,,,,,,,,,,,,,
Mallotus philippinensis,Uttar Pradesh,Himalayan Subtropical Broadleaved Forests,,,,,,,,,,,,,,,,,,,,
Olea cuspidata,Uttar Pradesh,Himalayan Subtropical Broadleaved Forests,,,,,,,,,,,,,,,,,,,,
Pandanus nepalensis,Uttar Pradesh,Himalayan Subtropical Broadleaved Forests,,,,,,,,,,,,,,,,,,,,
Phoenix humilis,Uttar Pradesh,Himalayan Subtropical Broadleaved Forests,,,,,,,,,,,,,,,,,,,,
Phoenix sylvestris,Uttar Pradesh,Himalayan Subtropical Broadleaved Forests,,,,,,,,,,,,,,,,,,,,
Rauwolfia serpentina,Uttar Pradesh,Himalayan Subtropical Broadleaved Forests,,,,,,,,,,,,,,,,,,,,
Schima wallichii,Uttar Pradesh,Himalayan Subtropical Broadleaved Forests,,,,,,,,,,,,,,,,,,,,
Shorea robusta,Uttar Pradesh,Himalayan Subtropical Broadleaved Forests,,,,,,,,,,,,,,,,,,,,
Shorea robusta,Uttar Pradesh,Himalayan Subtropical Broadleaved Forests,,,,,,,,,,,,,,,,,,,,
Terminalia bellerica,Uttar Pradesh,Himalayan Subtropical Broadleaved Forests,,,,,,,,,,,,,,,,,,,,
Terminalia crenulata,Uttar Pradesh,Himalayan Subtropical Broadleaved Forests,,,,,,,,,,,,,,,,,,,,
Terminalia tomentosa,Uttar Pradesh,Himalayan Subtropical Broadleaved Forests,,,,,,,,,,,,,,,,,,,,
Acacia catechu,Uttar Pradesh,Khathiar Gir Dry Deciduous Forests,,,,,,,,,,,,,,,,,,,,
Acacia catechu,Uttar Pradesh,Khathiar Gir Dry Deciduous Forests,,,,,,,,,,,,,,,,,,,,
Acacia senegal,Uttar Pradesh,Khathiar Gir Dry Deciduous Forests,,,,,,,,,,,,,,,,,,,,
Acacia senegal,Uttar Pradesh,Khathiar Gir Dry Deciduous Forests,,,,,,,,,,,,,,,,,,,,
Aegle marmelos,Uttar Pradesh,Khathiar Gir Dry Deciduous Forests,,,,,,,,,,,,,,,,,,,,
Anogeissus pendula,Uttar Pradesh,Khathiar Gir Dry Deciduous Forests,,,,,,,,,,,,,,,,,,,,
Anogeissus pendula,Uttar Pradesh,Khathiar Gir Dry Deciduous Forests,,,,,,,,,,,,,,,,,,,,
Bombax ceiba,Uttar Pradesh,Khathiar Gir Dry Deciduous Forests,,,,,,,,,,,,,,,,,,,,
Boswellia serrata,Uttar Pradesh,Khathiar Gir Dry Deciduous Forests,,,,,,,,,,,,,,,,,,,,
Commiphora mukul,Uttar Pradesh,Khathiar Gir Dry Deciduous Forests,,,,,,,,,,,,,,,,,,,,
Dalbergia paniculata,Uttar Pradesh,Khathiar Gir Dry Deciduous Forests,,,,,,,,,,,,,,,,,,,,
Dicliptera abuensis,Uttar Pradesh,Khathiar Gir Dry Deciduous Forests,,,,,,,,,,,,,,,,,,,,
Diospyros spp.,Uttar Pradesh,Khathiar Gir Dry Deciduous Forests,,,,,,,,,,,,,,,,,,,,
Emblica officinalis,Uttar Pradesh,Khathiar Gir Dry Deciduous Forests,,,,,,,,,,,,,,,,,,,,
Euphorbia caducifolia,Uttar Pradesh,Khathiar Gir Dry Deciduous Forests,,,,,,,,,,,,,,,,,,,,
Grewia tenax,Uttar Pradesh,Khathiar Gir Dry Deciduous Forests,,,,,,,,,,,,,,,,,,,,
Grewia villosa,Uttar Pradesh,Khathiar Gir Dry Deciduous Forests,,,,,,,,,,,,,,,,,,,,
Maytenus emarginata,Uttar Pradesh,Khathiar Gir Dry Deciduous Forests,,,,,,,,,,,,,,,,,,,,
Ougeinia oojeinensis,Uttar Pradesh,Khathiar Gir Dry Deciduous Forests,,,,,,,,,,,,,,,,,,,,
Securinega leucopyrus,Uttar Pradesh,Khathiar Gir Dry Deciduous Forests,,,,,,,,,,,,,,,,,,,,
Sterculia urens,Uttar Pradesh,Khathiar Gir Dry Deciduous Forests,,,,,,,,,,,,,,,,,,,,
Strobilanthes halbergii,Uttar Pradesh,Khathiar Gir Dry Deciduous Forests,,,,,,,,,,,,,,,,,,,,
Tectona grandis,Uttar Pradesh,Khathiar Gir Dry Deciduous Forests,,,,,,,,,,,,,,,,,,,,
Tectona grandis,Uttar Pradesh,Khathiar Gir Dry Deciduous Forests,,,,,,,,,,,,,,,,,,,,
Terminalia tomentosa,Uttar Pradesh,Khathiar Gir Dry Deciduous Forests,,,,,,,,,,,,,,,,,,,,
Veronica anagallis,Uttar Pradesh,Khathiar Gir Dry Deciduous Forests,,,,,,,,,,,,,,,,,,,,
Wrightia tinctoria,Uttar Pradesh,Khathiar Gir Dry Deciduous Forests,,,,,,,,,,,,,,,,,,,,
Acacia catechu,Uttar Pradesh,Lower Gangetic Plains Moist Deciduous Forests ,,,,,,,,,,,,,,,,,,,,
Acacia catechu,Uttar Pradesh,Lower Gangetic Plains Moist Deciduous Forests ,,,,,,,,,,,,,,,,,,,,
Aegle marmelos,Uttar Pradesh,Lower Gangetic Plains Moist Deciduous Forests ,,,,,,,,,,,,,,,,,,,,
Albizia procera,Uttar Pradesh,Lower Gangetic Plains Moist Deciduous Forests ,,,,,,,,,,,,,,,,,,,,
Bombax ceiba,Uttar Pradesh,Lower Gangetic Plains Moist Deciduous Forests ,,,,,,,,,,,,,,,,,,,,
Bombax ceiba in association with Albizia procera,Uttar Pradesh,Lower Gangetic Plains Moist Deciduous Forests ,,,,,,,,,,,,,,,,,,,,
Bombax ceiba in association with Albizia procera,Uttar Pradesh,Lower Gangetic Plains Moist Deciduous Forests ,,,,,,,,,,,,,,,,,,,,
Butea monosperma,Uttar Pradesh,Lower Gangetic Plains Moist Deciduous Forests ,,,,,,,,,,,,,,,,,,,,
Butea monosperma,Uttar Pradesh,Lower Gangetic Plains Moist Deciduous Forests ,,,,,,,,,,,,,,,,,,,,
Butea monosperma,Uttar Pradesh,Lower Gangetic Plains Moist Deciduous Forests ,,,,,,,,,,,,,,,,,,,,
Butea monosperma,Uttar Pradesh,Lower Gangetic Plains Moist Deciduous Forests ,,,,,,,,,,,,,,,,,,,,
Butea monosperma,Uttar Pradesh,Lower Gangetic Plains Moist Deciduous Forests ,,,,,,,,,,,,,,,,,,,,
Calamus tenuis,Uttar Pradesh,Lower Gangetic Plains Moist Deciduous Forests ,,,,,,,,,,,,,,,,,,,,
Dalbergia sisso,Uttar Pradesh,Lower Gangetic Plains Moist Deciduous Forests ,,,,,,,,,,,,,,,,,,,,
Duabanga sonneratioides,Uttar Pradesh,Lower Gangetic Plains Moist Deciduous Forests ,,,,,,,,,,,,,,,,,,,,
Laportea crenulata,Uttar Pradesh,Lower Gangetic Plains Moist Deciduous Forests ,,,,,,,,,,,,,,,,,,,,
Madhuca latifolia,Uttar Pradesh,Lower Gangetic Plains Moist Deciduous Forests ,,,,,,,,,,,,,,,,,,,,
Ochna pumila,Uttar Pradesh,Lower Gangetic Plains Moist Deciduous Forests ,,,,,,,,,,,,,,,,,,,,
Pterspermum acerifolium,Uttar Pradesh,Lower Gangetic Plains Moist Deciduous Forests ,,,,,,,,,,,,,,,,,,,,
Sterculia villosa,Uttar Pradesh,Lower Gangetic Plains Moist Deciduous Forests ,,,,,,,,,,,,,,,,,,,,
Sterculia vilosa,Uttar Pradesh,Lower Gangetic Plains Moist Deciduous Forests ,,,,,,,,,,,,,,,,,,,,
Terminalia myriocarpa,Uttar Pradesh,Lower Gangetic Plains Moist Deciduous Forests ,,,,,,,,,,,,,,,,,,,,
Terminalia tomentosa,Uttar Pradesh,Lower Gangetic Plains Moist Deciduous Forests ,,,,,,,,,,,,,,,,,,,,
Zizyphus mauritiana,Uttar Pradesh,Lower Gangetic Plains Moist Deciduous Forests ,,,,,,,,,,,,,,,,,,,,
Abies densa,Uttar Pradesh,NA,,,,,,,,,,,,,,,,,,,,
Acacia catechu,Uttar Pradesh,NA,,,,,,,,,,,,,,,,,,,,
Acacia chundra,Uttar Pradesh,NA,,,,,,,,,,,,,,,,,,,,
Acacia leucophloea,Uttar Pradesh,NA,,,,,,,,,,,,,,,,,,,,
Acacia leucophloea,Uttar Pradesh,NA,,,,,,,,,,,,,,,,,,,,
Acacia leucophloea,Uttar Pradesh,NA,,,,,,,,,,,,,,,,,,,,
Acacia senegal,Uttar Pradesh,NA,,,,,,,,,,,,,,,,,,,,
Acacia senegal,Uttar Pradesh,NA,,,,,,,,,,,,,,,,,,,,
Acacia senegal,Uttar Pradesh,NA,,,,,,,,,,,,,,,,,,,,
Aerva persica,Uttar Pradesh,NA,,,,,,,,,,,,,,,,,,,,
Aerva persica,Uttar Pradesh,NA,,,,,,,,,,,,,,,,,,,,
Ageratum conyzoides,Uttar Pradesh,NA,,,,,,,,,,,,,,,,,,,,
Ailanthus excelsa,Uttar Pradesh,NA,,,,,,,,,,,,,,,,,,,,
Albizia amara,Uttar Pradesh,NA,,,,,,,,,,,,,,,,,,,,
Albizia amara,Uttar Pradesh,NA,,,,,,,,,,,,,,,,,,,,
Altingia excelsa,Uttar Pradesh,NA,,,,,,,,,,,,,,,,,,,,
Alysicarpus vaginalis,Uttar Pradesh,NA,,,,,,,,,,,,,,,,,,,,
Anogeissus pendula,Uttar Pradesh,NA,,,,,,,,,,,,,,,,,,,,
Aristida adscensionis,Uttar Pradesh,NA,,,,,,,,,,,,,,,,,,,,
Aristida funiculata,Uttar Pradesh,NA,,,,,,,,,,,,,,,,,,,,
Atalantia monophylla,Uttar Pradesh,NA,,,,,,,,,,,,,,,,,,,,
Avicennia marina,Uttar Pradesh,NA,,,,,,,,,,,,,,,,,,,,
Avicennia marina,Uttar Pradesh,NA,,,,,,,,,,,,,,,,,,,,
Bambusa vulgaris,Uttar Pradesh,NA,,,,,,,,,,,,,,,,,,,,
Bauhinia racemosa,Uttar Pradesh,NA,,,,,,,,,,,,,,,,,,,,
Bauhinia racemosa,Uttar Pradesh,NA,,,,,,,,,,,,,,,,,,,,
Betula utilis,Uttar Pradesh,NA,,,,,,,,,,,,,,,,,,,,
Boswellia serrata,Uttar Pradesh,NA,,,,,,,,,,,,,,,,,,,,
Bromus japonicus,Uttar Pradesh,NA,,,,,,,,,,,,,,,,,,,,
Buchanania lanzan,Uttar Pradesh,NA,,,,,,,,,,,,,,,,,,,,
Butea monosperma,Uttar Pradesh,NA,,,,,,,,,,,,,,,,,,,,
Butea monosperma,Uttar Pradesh,NA,,,,,,,,,,,,,,,,,,,,
Capparis decidua,Uttar Pradesh,NA,,,,,,,,,,,,,,,,,,,,
Cassia fistula,Uttar Pradesh,NA,,,,,,,,,,,,,,,,,,,,
Castanopsis indica,Uttar Pradesh,NA,,,,,,,,,,,,,,,,,,,,
Catunaregam spinosa,Uttar Pradesh,NA,,,,,,,,,,,,,,,,,,,,
Catunaregam spinosa,Uttar Pradesh,NA,,,,,,,,,,,,,,,,,,,,
Cedrus deodara,Uttar Pradesh,NA,,,,,,,,,,,,,,,,,,,,
Cedrus deodara,Uttar Pradesh,NA,,,,,,,,,,,,,,,,,,,,
Cenchrus biflorus,Uttar Pradesh,NA,,,,,,,,,,,,,,,,,,,,
Cenchrus biflorus,Uttar Pradesh,NA,,,,,,,,,,,,,,,,,,,,
Chloroxylon swietenia,Uttar Pradesh,NA,,,,,,,,,,,,,,,,,,,,
Chrysopogon aciculatus,Uttar Pradesh,NA,,,,,,,,,,,,,,,,,,,,
Cleistanthus collinus,Uttar Pradesh,NA,,,,,,,,,,,,,,,,,,,,
Cleistanthus collinus,Uttar Pradesh,NA,,,,,,,,,,,,,,,,,,,,
Cressa cretica,Uttar Pradesh,NA,,,,,,,,,,,,,,,,,,,,
Cynodon dactylon,Uttar Pradesh,NA,,,,,,,,,,,,,,,,,,,,
Cynodon dactylon,Uttar Pradesh,NA,,,,,,,,,,,,,,,,,,,,
Cyperus rotundus,Uttar Pradesh,NA,,,,,,,,,,,,,,,,,,,,
Dactyloctenium aegyptium,Uttar Pradesh,NA,,,,,,,,,,,,,,,,,,,,
Dactyloctenium aegyptium,Uttar Pradesh,NA,,,,,,,,,,,,,,,,,,,,
Dalbergia sissoo,Uttar Pradesh,NA,,,,,,,,,,,,,,,,,,,,
Desmodium triflorum,Uttar Pradesh,NA,,,,,,,,,,,,,,,,,,,,
Dichanthium annulatum,Uttar Pradesh,NA,,,,,,,,,,,,,,,,,,,,
Digitaria stewartiana,Uttar Pradesh,NA,,,,,,,,,,,,,,,,,,,,
Digitaria stewartiana,Uttar Pradesh,NA,,,,,,,,,,,,,,,,,,,,
Diospyros chloroxylon,Uttar Pradesh,NA,,,,,,,,,,,,,,,,,,,,
Diospyros melanoxylon,Uttar Pradesh,NA,,,,,,,,,,,,,,,,,,,,
Diospyros melanoxylon,Uttar Pradesh,NA,,,,,,,,,,,,,,,,,,,,
Diospyros melanoxylon,Uttar Pradesh,NA,,,,,,,,,,,,,,,,,,,,
Diospyros melanoxylon,Uttar Pradesh,NA,,,,,,,,,,,,,,,,,,,,
Diospyros melanoxylon,Uttar Pradesh,NA,,,,,,,,,,,,,,,,,,,,
Diospyros melanoxylon,Uttar Pradesh,NA,,,,,,,,,,,,,,,,,,,,
Diospyros melanoxylon,Uttar Pradesh,NA,,,,,,,,,,,,,,,,,,,,
Dipterocarpus retusus,Uttar Pradesh,NA,,,,,,,,,,,,,,,,,,,,
Eragrostis tenella,Uttar Pradesh,NA,,,,,,,,,,,,,,,,,,,,
Euphornia caducifolia,Uttar Pradesh,NA,,,,,,,,,,,,,,,,,,,,
Excoecaria agallocha,Uttar Pradesh,NA,,,,,,,,,,,,,,,,,,,,
Excoecaria agallocha,Uttar Pradesh,NA,,,,,,,,,,,,,,,,,,,,
Gyrocarpus americanus,Uttar Pradesh,NA,,,,,,,,,,,,,,,,,,,,
Hardwickia binata,Uttar Pradesh,NA,,,,,,,,,,,,,,,,,,,,
Heteropogon contortus,Uttar Pradesh,NA,,,,,,,,,,,,,,,,,,,,
Holarrhena pubescens,Uttar Pradesh,NA,,,,,,,,,,,,,,,,,,,,
Holigarna grahamii,Uttar Pradesh,NA,,,,,,,,,,,,,,,,,,,,
Knema attenuata,Uttar Pradesh,NA,,,,,,,,,,,,,,,,,,,,
Lantana camara,Uttar Pradesh,NA,,,,,,,,,,,,,,,,,,,,
Lasiurus scindicus,Uttar Pradesh,NA,,,,,,,,,,,,,,,,,,,,
Lonicera tomentella,Uttar Pradesh,NA,,,,,,,,,,,,,,,,,,,,
Memecylon edule,Uttar Pradesh,NA,,,,,,,,,,,,,,,,,,,,
Mesua ferrea,Uttar Pradesh,NA,,,,,,,,,,,,,,,,,,,,
Mimosa hamata,Uttar Pradesh,NA,,,,,,,,,,,,,,,,,,,,
Mimosa hamata,Uttar Pradesh,NA,,,,,,,,,,,,,,,,,,,,
Mimosa hamata,Uttar Pradesh,NA,,,,,,,,,,,,,,,,,,,,
Olea dioica,Uttar Pradesh,NA,,,,,,,,,,,,,,,,,,,,
Panicum turgidum,Uttar Pradesh,NA,,,,,,,,,,,,,,,,,,,,
Phleum alpinum,Uttar Pradesh,NA,,,,,,,,,,,,,,,,,,,,
Phoenix humilis,Uttar Pradesh,NA,,,,,,,,,,,,,,,,,,,,
Phoenix paludosa,Uttar Pradesh,NA,,,,,,,,,,,,,,,,,,,,
Phragmites karka,Uttar Pradesh,NA,,,,,,,,,,,,,,,,,,,,
Picea smithiana,Uttar Pradesh,NA,,,,,,,,,,,,,,,,,,,,
Pinus insularis,Uttar Pradesh,NA,,,,,,,,,,,,,,,,,,,,
Pinus roxburghii,Uttar Pradesh,NA,,,,,,,,,,,,,,,,,,,,
Pinus wallichiana,Uttar Pradesh,NA,,,,,,,,,,,,,,,,,,,,
Pinus wallichiana,Uttar Pradesh,NA,,,,,,,,,,,,,,,,,,,,
Poa annua,Uttar Pradesh,NA,,,,,,,,,,,,,,,,,,,,
Populus deltoides,Uttar Pradesh,NA,,,,,,,,,,,,,,,,,,,,
Prosopis cineraria,Uttar Pradesh,NA,,,,,,,,,,,,,,,,,,,,
Prosopis cineraria,Uttar Pradesh,NA,,,,,,,,,,,,,,,,,,,,
Prosopis cineraria,Uttar Pradesh,NA,,,,,,,,,,,,,,,,,,,,
Prosopis juliflora,Uttar Pradesh,NA,,,,,,,,,,,,,,,,,,,,
Prosopis juliflora,Uttar Pradesh,NA,,,,,,,,,,,,,,,,,,,,
Prosopis juliflora,Uttar Pradesh,NA,,,,,,,,,,,,,,,,,,,,
Pterocarpus santalinus,Uttar Pradesh,NA,,,,,,,,,,,,,,,,,,,,
Quercus leucotrichophora,Uttar Pradesh,NA,,,,,,,,,,,,,,,,,,,,
Rhizophora apiculata,Uttar Pradesh,NA,,,,,,,,,,,,,,,,,,,,
Rhododendron arboreum,Uttar Pradesh,NA,,,,,,,,,,,,,,,,,,,,
Rhododendron barbatum,Uttar Pradesh,NA,,,,,,,,,,,,,,,,,,,,
Rhododendron campanulatum,Uttar Pradesh,NA,,,,,,,,,,,,,,,,,,,,
Rhododendron grande,Uttar Pradesh,NA,,,,,,,,,,,,,,,,,,,,
Saccharum spontaneum,Uttar Pradesh,NA,,,,,,,,,,,,,,,,,,,,
Schima wallichii,Uttar Pradesh,NA,,,,,,,,,,,,,,,,,,,,
Sehima nervosum,Uttar Pradesh,NA,,,,,,,,,,,,,,,,,,,,
Sesuvium portulacastrum,Uttar Pradesh,NA,,,,,,,,,,,,,,,,,,,,
Setaria viridis,Uttar Pradesh,NA,,,,,,,,,,,,,,,,,,,,
Shorea assamica,Uttar Pradesh,NA,,,,,,,,,,,,,,,,,,,,
Streblus asper,Uttar Pradesh,NA,,,,,,,,,,,,,,,,,,,,
Suaeda maritima,Uttar Pradesh,NA,,,,,,,,,,,,,,,,,,,,
Tecomella undulat,Uttar Pradesh,NA,,,,,,,,,,,,,,,,,,,,
Terminalia alata,Uttar Pradesh,NA,,,,,,,,,,,,,,,,,,,,
Terminalia alata,Uttar Pradesh,NA,,,,,,,,,,,,,,,,,,,,
Terminalia alata,Uttar Pradesh,NA,,,,,,,,,,,,,,,,,,,,
Terminalia alata,Uttar Pradesh,NA,,,,,,,,,,,,,,,,,,,,
Terminalia alata,Uttar Pradesh,NA,,,,,,,,,,,,,,,,,,,,
Terminalia arjuna,Uttar Pradesh,NA,,,,,,,,,,,,,,,,,,,,
Trema orientalis,Uttar Pradesh,NA,,,,,,,,,,,,,,,,,,,,
Vernonia cinerea,Uttar Pradesh,NA,,,,,,,,,,,,,,,,,,,,
Vetiveria zizanoides,Uttar Pradesh,NA,,,,,,,,,,,,,,,,,,,,
Vetiveria zizanoides,Uttar Pradesh,NA,,,,,,,,,,,,,,,,,,,,
Ziziphus nummularia,Uttar Pradesh,NA,,,,,,,,,,,,,,,,,,,,
Ziziphus xylopyrus,Uttar Pradesh,NA,,,,,,,,,,,,,,,,,,,,
Ziziphus xylopyrus,Uttar Pradesh,NA,,,,,,,,,,,,,,,,,,,,
Anogeissus latifolia,Uttar Pradesh,Narmada Valley Dry Deciduous Forests,,,,,,,,,,,,,,,,,,,,
Anogeissus latifolia,Uttar Pradesh,Narmada Valley Dry Deciduous Forests,,,,,,,,,,,,,,,,,,,,
Anogeissus latifolia,Uttar Pradesh,Narmada Valley Dry Deciduous Forests,,,,,,,,,,,,,,,,,,,,
Anogeissus latifolia,Uttar Pradesh,Narmada Valley Dry Deciduous Forests,,,,,,,,,,,,,,,,,,,,
Boswellia serata,Uttar Pradesh,Narmada Valley Dry Deciduous Forests,,,,,,,,,,,,,,,,,,,,
Diospyros melanoxylon,Uttar Pradesh,Narmada Valley Dry Deciduous Forests,,,,,,,,,,,,,,,,,,,,
Hardwickia binata,Uttar Pradesh,Narmada Valley Dry Deciduous Forests,,,,,,,,,,,,,,,,,,,,
Homonoia riparia,Uttar Pradesh,Narmada Valley Dry Deciduous Forests,,,,,,,,,,,,,,,,,,,,
Lagerstroemia parviflora,Uttar Pradesh,Narmada Valley Dry Deciduous Forests,,,,,,,,,,,,,,,,,,,,
Lagerstroemia parviflora,Uttar Pradesh,Narmada Valley Dry Deciduous Forests,,,,,,,,,,,,,,,,,,,,
Lagerstroemia parviflora,Uttar Pradesh,Narmada Valley Dry Deciduous Forests,,,,,,,,,,,,,,,,,,,,
Lannea coromandelica,Uttar Pradesh,Narmada Valley Dry Deciduous Forests,,,,,,,,,,,,,,,,,,,,
Salix tetrasperma,Uttar Pradesh,Narmada Valley Dry Deciduous Forests,,,,,,,,,,,,,,,,,,,,
Syzygium cumini,Uttar Pradesh,Narmada Valley Dry Deciduous Forests,,,,,,,,,,,,,,,,,,,,
Syzygium heyneanum,Uttar Pradesh,Narmada Valley Dry Deciduous Forests,,,,,,,,,,,,,,,,,,,,
Terminalia arjuna,Uttar Pradesh,Narmada Valley Dry Deciduous Forests,,,,,,,,,,,,,,,,,,,,
Terminalia tomentosa,Uttar Pradesh,Narmada Valley Dry Deciduous Forests,,,,,,,,,,,,,,,,,,,,
Vitex negundo,Uttar Pradesh,Narmada Valley Dry Deciduous Forests,,,,,,,,,,,,,,,,,,,,
Adina cordifolia,Uttar Pradesh,Upper Gangetic Plains Moist Deciduous Forests,,,,,,,,,,,,,,,,,,,,
Dillenia pentagyna,Uttar Pradesh,Upper Gangetic Plains Moist Deciduous Forests,,,,,,,,,,,,,,,,,,,,
Ficus spp.,Uttar Pradesh,Upper Gangetic Plains Moist Deciduous Forests,,,,,,,,,,,,,,,,,,,,
Lagerstroemia parviflora,Uttar Pradesh,Upper Gangetic Plains Moist Deciduous Forests,,,,,,,,,,,,,,,,,,,,
Lagerstroemia parviflora,Uttar Pradesh,Upper Gangetic Plains Moist Deciduous Forests,,,,,,,,,,,,,,,,,,,,
Lagerstroemia parviflora,Uttar Pradesh,Upper Gangetic Plains Moist Deciduous Forests,,,,,,,,,,,,,,,,,,,,
Saccharum benghalense,Uttar Pradesh,Upper Gangetic Plains Moist Deciduous Forests,,,,,,,,,,,,,,,,,,,,
Saccharum narenga,Uttar Pradesh,Upper Gangetic Plains Moist Deciduous Forests,,,,,,,,,,,,,,,,,,,,
Saccharum spontaneum,Uttar Pradesh,Upper Gangetic Plains Moist Deciduous Forests,,,,,,,,,,,,,,,,,,,,
Shorea robusta,Uttar Pradesh,Upper Gangetic Plains Moist Deciduous Forests,,,,,,,,,,,,,,,,,,,,
Shorea robusta,Uttar Pradesh,Upper Gangetic Plains Moist Deciduous Forests,,,,,,,,,,,,,,,,,,,,
Stereospermum suaveolens,Uttar Pradesh,Upper Gangetic Plains Moist Deciduous Forests,,,,,,,,,,,,,,,,,,,,
Terminalia belerica,Uttar Pradesh,Upper Gangetic Plains Moist Deciduous Forests,,,,,,,,,,,,,,,,,,,,
Terminalia tomentosa,Uttar Pradesh,Upper Gangetic Plains Moist Deciduous Forests,,,,,,,,,,,,,,,,,,,,
Vetiveria zizanioides,Uttar Pradesh,Upper Gangetic Plains Moist Deciduous Forests,,,,,,,,,,,,,,,,,,,,
